sale_id,sale_date,customer_id,product_id,rep_id,region_id,quantity,discount,total_amount,payment_mode,order_status
1,2023-02-19,162,12,6,2,7,0.05,235.14,Net Banking,Delivered
2,2022-07-22,116,38,14,5,7,0,200.41,Debit Card,Delivered
3,2022-10-13,193,46,3,1,10,0,406.5,Debit Card,Cancelled
4,2023-01-10,84,13,15,4,2,0,119.44,Net Banking,Returned
5,2023-10-17,81,39,13,5,10,0.05,174.04,Credit Card,Cancelled
6,2022-12-23,91,30,20,1,3,0.2,15.46,Net Banking,Delivered
7,2023-08-28,22,44,5,5,6,0,94.26,UPI,Delivered
8,2022-04-30,47,24,5,3,9,0.05,63.61,Net Banking,Returned
9,2022-05-22,148,25,14,2,3,0.05,36.28,Debit Card,Cancelled
10,2023-07-23,43,32,10,3,3,0,81.39,Cash,Delivered
11,2023-09-27,14,23,1,5,8,0,78.08,Cash,Delivered
12,2023-07-30,130,42,16,4,7,0.15,113.53,Cash,Returned
13,2023-12-29,114,32,6,2,2,0.1,48.83,Debit Card,Delivered
14,2022-10-27,9,18,8,2,9,0,228.06,Cash,Delivered
15,2023-08-03,191,50,16,4,9,0.1,96.23,Net Banking,Delivered
16,2022-04-27,69,50,18,1,6,0.1,64.15,Cash,Delivered
17,2023-07-14,56,28,4,5,4,0,42.2,Cash,Delivered
18,2022-09-27,90,6,15,5,2,0.2,193.92,Debit Card,Delivered
19,2023-08-26,177,23,20,4,7,0,68.32,Debit Card,Cancelled
20,2022-07-31,53,4,19,4,6,0.1,223.67,Net Banking,Delivered
21,2023-07-06,44,21,10,4,5,0.1,71.14,Net Banking,Delivered
22,2023-11-27,25,9,14,5,1,0,27.49,Debit Card,Delivered
23,2022-09-13,38,46,11,3,4,0.2,130.08,Cash,Returned
24,2022-05-26,148,41,9,2,7,0.05,72.29,Credit Card,Returned
25,2023-10-11,197,6,13,3,9,0.15,927.18,UPI,Delivered
26,2023-04-11,125,21,19,1,1,0.2,12.65,Cash,Delivered
27,2023-10-13,171,45,12,1,2,0.2,27.9,Cash,Cancelled
28,2022-08-12,110,14,16,3,5,0,294.85,UPI,Delivered
29,2023-07-15,148,9,19,2,8,0.2,175.94,Credit Card,Delivered
30,2022-02-17,26,41,15,2,1,0,10.87,Cash,Delivered
31,2023-04-13,1,28,7,5,3,0.15,26.9,Debit Card,Delivered
32,2022-10-08,24,42,12,3,5,0,95.4,Debit Card,Delivered
33,2022-02-23,102,41,10,1,4,0.05,41.31,Credit Card,Delivered
34,2022-01-02,55,31,3,3,3,0.1,109.24,Net Banking,Delivered
35,2023-11-28,114,1,1,2,6,0.2,372.62,Cash,Delivered
36,2023-12-12,34,31,3,4,4,0.05,153.75,Credit Card,Delivered
37,2022-04-16,81,24,10,5,3,0.05,21.2,Debit Card,Delivered
38,2022-03-12,136,37,1,3,10,0.15,186.49,Cash,Delivered
39,2022-12-26,185,14,5,4,7,0.1,371.51,Debit Card,Returned
40,2022-03-30,26,9,4,2,10,0.15,233.66,UPI,Returned
41,2023-03-16,81,9,8,5,5,0.15,116.83,Debit Card,Delivered
42,2023-07-21,154,39,20,2,5,0.2,73.28,UPI,Delivered
43,2022-07-30,133,39,17,1,4,0.15,62.29,UPI,Returned
44,2023-10-24,14,16,16,5,7,0,671.16,Cash,Delivered
45,2023-10-16,153,5,17,4,1,0,80.64,Debit Card,Delivered
46,2023-02-01,146,27,12,4,9,0.15,34.5,Cash,Delivered
47,2022-03-16,5,38,3,5,1,0,28.63,Credit Card,Delivered
48,2022-03-03,102,33,10,1,9,0.2,93.67,Cash,Returned
49,2023-12-20,103,6,18,5,9,0.1,981.72,UPI,Delivered
50,2022-03-27,80,6,17,5,4,0.2,387.84,Net Banking,Delivered
51,2022-12-01,101,38,3,3,5,0.15,121.68,Debit Card,Returned
52,2022-03-01,63,6,14,4,2,0.05,230.28,Net Banking,Cancelled
53,2022-02-26,80,43,6,5,2,0,26.0,Credit Card,Delivered
54,2022-06-17,128,23,17,1,9,0.2,70.27,Debit Card,Delivered
55,2023-01-16,33,48,9,4,2,0.2,22.22,UPI,Delivered
56,2023-03-16,70,34,3,3,5,0.15,228.14,Credit Card,Cancelled
57,2023-05-24,117,33,12,4,1,0.05,12.36,Debit Card,Cancelled
58,2023-01-12,41,17,4,5,10,0.15,476.6,Debit Card,Delivered
59,2023-06-06,1,3,1,5,4,0,436.0,UPI,Returned
60,2023-01-28,39,12,2,1,9,0.2,254.59,Debit Card,Returned
61,2022-11-26,64,27,11,2,5,0.2,18.04,Net Banking,Delivered
62,2023-01-17,31,33,2,1,3,0,39.03,Credit Card,Cancelled
63,2023-02-15,18,30,10,5,5,0,32.2,Net Banking,Delivered
64,2023-04-13,3,24,7,1,5,0.1,33.48,Net Banking,Delivered
65,2022-09-06,119,24,19,1,8,0.2,47.62,Net Banking,Delivered
66,2022-09-09,39,1,14,1,1,0,77.63,UPI,Cancelled
67,2023-10-14,178,1,11,4,1,0.2,62.1,UPI,Returned
68,2022-04-17,53,34,8,4,7,0.05,356.97,Debit Card,Delivered
69,2023-12-30,72,6,2,2,4,0.2,387.84,Cash,Cancelled
70,2023-12-19,96,30,3,1,10,0,64.4,Debit Card,Cancelled
71,2023-10-15,101,5,19,3,10,0,806.4,Debit Card,Returned
72,2022-08-31,75,17,11,3,7,0.15,333.62,UPI,Delivered
73,2023-04-09,70,15,3,3,4,0,125.04,Credit Card,Cancelled
74,2022-06-09,28,11,15,4,8,0,380.56,Credit Card,Returned
75,2023-07-03,92,50,7,3,8,0,95.04,UPI,Returned
76,2022-05-03,24,11,10,3,10,0,475.7,UPI,Delivered
77,2022-06-01,24,46,8,3,6,0.05,231.7,Credit Card,Cancelled
78,2023-11-25,77,17,6,1,1,0.05,53.27,Net Banking,Returned
79,2023-07-18,64,7,15,2,2,0.2,105.12,Credit Card,Delivered
80,2022-01-13,16,50,8,3,3,0,35.64,UPI,Returned
81,2023-12-04,162,42,3,2,10,0.1,171.72,Credit Card,Delivered
82,2022-01-23,17,13,15,1,3,0,179.16,Credit Card,Delivered
83,2022-02-13,119,4,6,1,10,0.05,393.49,Cash,Returned
84,2022-01-31,98,44,14,4,3,0,47.13,Debit Card,Delivered
85,2022-10-09,72,29,5,2,1,0.1,5.07,Net Banking,Cancelled
86,2022-09-09,166,19,16,1,7,0.1,541.61,Credit Card,Returned
87,2022-03-31,72,25,5,2,7,0,89.11,Debit Card,Cancelled
88,2023-10-08,140,2,13,1,6,0.05,578.38,Cash,Cancelled
89,2022-12-19,145,33,11,2,7,0,91.07,Credit Card,Delivered
90,2022-11-23,153,15,1,4,5,0,156.3,Net Banking,Returned
91,2023-01-02,197,38,8,3,3,0,85.89,Debit Card,Delivered
92,2022-09-30,137,48,2,2,4,0.1,50.0,UPI,Returned
93,2022-06-27,46,16,19,2,6,0.2,460.22,Net Banking,Delivered
94,2022-01-29,181,45,12,1,10,0.1,156.96,Net Banking,Delivered
95,2022-07-12,127,35,10,2,3,0.05,129.1,Credit Card,Delivered
96,2022-02-27,60,39,8,5,1,0.1,16.49,Credit Card,Returned
97,2022-12-06,158,13,5,3,6,0.15,304.57,UPI,Delivered
98,2022-03-02,6,10,19,2,3,0.2,111.72,Net Banking,Delivered
99,2023-01-09,19,24,13,2,10,0,74.4,UPI,Delivered
100,2022-11-27,35,11,14,1,8,0.15,323.48,Debit Card,Delivered
101,2023-12-26,144,45,20,1,6,0,104.64,Debit Card,Cancelled
102,2023-01-23,79,47,10,1,3,0,62.13,Net Banking,Delivered
103,2023-02-05,198,37,2,3,3,0.1,59.24,Net Banking,Delivered
104,2022-08-15,164,37,4,2,8,0,175.52,Credit Card,Delivered
105,2022-09-01,89,21,6,4,2,0.2,25.3,Cash,Delivered
106,2022-01-12,68,14,8,2,2,0,117.94,Credit Card,Delivered
107,2022-01-02,13,25,15,2,7,0,89.11,Cash,Returned
108,2023-01-23,90,35,13,5,2,0.2,72.48,Net Banking,Returned
109,2023-10-29,195,44,8,5,3,0.05,44.77,Credit Card,Delivered
110,2022-10-29,6,21,9,2,2,0,31.62,Debit Card,Delivered
111,2023-01-20,42,47,3,4,9,0,186.39,Net Banking,Delivered
112,2023-09-21,124,46,1,2,7,0.15,241.87,Net Banking,Delivered
113,2023-03-21,41,4,4,5,6,0,248.52,Cash,Delivered
114,2023-12-15,142,47,18,4,5,0.15,88.02,UPI,Delivered
115,2022-09-01,25,4,13,5,10,0.1,372.78,Debit Card,Returned
116,2022-02-25,93,1,14,5,2,0,155.26,Cash,Cancelled
117,2022-07-24,25,2,7,5,3,0.15,258.75,Credit Card,Delivered
118,2023-04-30,30,20,13,5,8,0.05,449.69,Credit Card,Delivered
119,2023-10-20,140,25,6,1,6,0.05,72.56,Debit Card,Delivered
120,2023-04-02,12,17,15,5,8,0,448.56,UPI,Delivered
121,2023-08-01,16,10,4,3,2,0.15,79.13,Net Banking,Delivered
122,2023-02-28,194,38,8,3,9,0,257.67,Net Banking,Returned
123,2023-03-05,138,44,16,5,10,0,157.1,UPI,Returned
124,2022-03-22,102,46,2,1,9,0.1,329.26,Net Banking,Cancelled
125,2023-11-25,159,10,4,2,8,0,372.4,Debit Card,Delivered
126,2022-07-17,33,3,14,4,2,0.15,185.3,Debit Card,Returned
127,2023-10-05,38,39,9,3,6,0.15,93.43,Credit Card,Delivered
128,2023-02-02,143,26,18,5,6,0.2,30.91,Net Banking,Delivered
129,2023-04-15,4,45,20,3,10,0.1,156.96,Credit Card,Returned
130,2023-03-01,39,10,19,1,10,0.1,418.95,Credit Card,Delivered
131,2023-07-31,200,7,10,4,9,0,591.3,UPI,Returned
132,2023-01-28,168,32,19,4,10,0.05,257.74,Debit Card,Delivered
133,2022-10-10,104,10,20,3,10,0.15,395.68,Credit Card,Returned
134,2023-02-10,85,45,8,4,1,0.15,14.82,UPI,Returned
135,2023-01-17,6,22,10,2,5,0,63.9,Credit Card,Returned
136,2022-08-22,35,20,15,1,6,0,355.02,Net Banking,Returned
137,2023-10-24,23,13,15,4,4,0.2,191.1,Cash,Returned
138,2023-06-13,96,4,17,1,3,0,124.26,Net Banking,Delivered
139,2023-02-18,35,50,17,1,10,0,118.8,Debit Card,Delivered
140,2022-07-25,15,16,2,5,8,0,767.04,Debit Card,Delivered
141,2022-10-08,95,30,17,4,7,0.15,38.32,Credit Card,Delivered
142,2022-09-05,96,32,20,1,8,0,217.04,Net Banking,Returned
143,2023-07-19,90,23,6,5,5,0.15,41.48,UPI,Delivered
144,2022-01-29,99,4,6,3,10,0.2,331.36,Debit Card,Delivered
145,2023-10-25,58,44,7,1,5,0.15,66.77,Net Banking,Returned
146,2022-01-21,200,50,1,4,8,0,95.04,Net Banking,Delivered
147,2022-01-09,58,17,20,1,5,0.15,238.3,Cash,Delivered
148,2023-01-21,90,30,9,5,4,0.05,24.47,Net Banking,Delivered
149,2023-10-01,102,38,4,1,1,0.1,25.77,Net Banking,Delivered
150,2023-10-25,153,39,10,4,5,0.15,77.86,Cash,Delivered
151,2022-03-07,87,18,11,1,5,0,126.7,Debit Card,Delivered
152,2022-06-03,133,49,8,1,1,0.2,11.35,Cash,Cancelled
153,2023-11-08,82,44,5,3,1,0.15,13.35,UPI,Returned
154,2022-09-23,108,26,13,3,1,0.1,5.8,Debit Card,Cancelled
155,2022-12-18,186,46,8,3,9,0.15,310.97,UPI,Returned
156,2023-06-04,77,11,18,1,3,0,142.71,Cash,Delivered
157,2022-05-12,190,17,18,4,3,0.15,142.98,Credit Card,Delivered
158,2022-08-16,91,15,10,1,7,0.2,175.06,UPI,Delivered
159,2022-09-24,150,19,15,5,2,0.05,163.34,Net Banking,Delivered
160,2023-08-18,159,5,16,2,4,0.1,290.3,Cash,Delivered
161,2023-06-27,77,27,2,1,3,0,13.53,UPI,Delivered
162,2023-02-24,146,30,5,4,6,0.2,30.91,Credit Card,Delivered
163,2023-05-15,86,41,6,2,6,0.15,55.44,Credit Card,Delivered
164,2023-04-08,71,14,6,3,10,0.2,471.76,Cash,Delivered
165,2022-04-01,34,40,14,4,7,0.05,84.72,Cash,Returned
166,2023-01-28,2,3,18,5,4,0.15,370.6,Credit Card,Delivered
167,2022-11-26,194,34,7,3,1,0.15,45.63,Debit Card,Delivered
168,2022-08-20,178,23,10,4,3,0,29.28,Net Banking,Returned
169,2023-08-26,79,11,3,1,1,0,47.57,Cash,Delivered
170,2023-06-17,153,34,11,4,7,0.15,319.4,UPI,Delivered
171,2023-05-17,92,49,7,3,3,0.2,34.06,Credit Card,Returned
172,2022-08-22,58,47,5,1,4,0.15,70.41,Net Banking,Delivered
173,2023-06-01,44,8,12,4,1,0.05,63.44,Net Banking,Delivered
174,2023-10-01,13,39,2,2,2,0.15,31.14,Credit Card,Delivered
175,2023-12-08,30,27,15,5,7,0,31.57,UPI,Cancelled
176,2023-05-01,180,10,7,4,1,0,46.55,Credit Card,Returned
177,2023-11-10,134,18,20,2,10,0.15,215.39,Cash,Delivered
178,2022-04-18,131,47,20,3,2,0,41.42,Credit Card,Delivered
179,2023-05-25,51,39,7,5,5,0.2,73.28,Debit Card,Cancelled
180,2023-01-02,181,27,10,1,3,0,13.53,Cash,Cancelled
181,2022-08-01,177,31,11,4,4,0,161.84,Credit Card,Delivered
182,2022-04-24,147,43,16,2,3,0,39.0,Credit Card,Cancelled
183,2022-04-14,66,42,8,4,8,0,152.64,Cash,Delivered
184,2022-02-21,26,12,2,2,5,0,176.8,Cash,Delivered
185,2022-04-29,25,49,2,5,1,0.2,11.35,Debit Card,Delivered
186,2022-12-03,92,29,20,3,5,0.15,23.93,UPI,Delivered
187,2022-12-17,47,8,13,3,7,0.05,444.09,Cash,Delivered
188,2023-12-08,123,27,6,5,2,0,9.02,Debit Card,Delivered
189,2022-04-17,107,38,16,2,10,0.15,243.35,Debit Card,Returned
190,2023-09-18,98,50,12,4,10,0,118.8,Cash,Delivered
191,2023-05-15,29,27,15,5,1,0,4.51,UPI,Delivered
192,2022-01-13,181,44,17,1,10,0.15,133.54,Debit Card,Cancelled
193,2023-11-17,87,34,17,1,10,0,536.8,Debit Card,Returned
194,2023-05-09,89,43,13,4,3,0.2,31.2,Net Banking,Cancelled
195,2022-02-25,3,42,6,1,9,0.2,137.38,Cash,Returned
196,2022-06-19,20,49,16,2,6,0,85.14,UPI,Delivered
197,2022-02-21,130,15,18,4,7,0.05,207.88,Credit Card,Delivered
198,2023-04-16,114,37,15,2,2,0.2,35.1,Cash,Returned
199,2022-11-20,31,32,1,1,2,0.05,51.55,Credit Card,Returned
200,2023-07-25,141,1,3,5,10,0.1,698.67,Net Banking,Delivered
201,2023-07-30,53,42,15,4,6,0,114.48,Debit Card,Delivered
202,2023-04-11,85,36,20,4,10,0.05,311.12,Cash,Delivered
203,2022-04-27,25,49,8,5,1,0,14.19,UPI,Delivered
204,2023-07-15,134,24,4,2,1,0,7.44,Debit Card,Returned
205,2023-02-24,28,17,20,4,4,0,224.28,Cash,Delivered
206,2022-08-09,118,13,11,2,2,0.2,95.55,Credit Card,Returned
207,2023-10-11,173,38,4,4,8,0.05,217.59,Net Banking,Cancelled
208,2022-05-18,128,1,17,1,1,0.1,69.87,Net Banking,Returned
209,2023-05-10,131,50,6,3,10,0,118.8,Credit Card,Delivered
210,2023-02-01,169,39,20,4,6,0.1,98.93,Cash,Returned
211,2023-09-16,178,49,8,4,5,0.05,67.4,UPI,Delivered
212,2023-04-09,35,9,14,1,10,0.15,233.66,UPI,Cancelled
213,2023-12-20,141,21,18,5,4,0,63.24,Net Banking,Delivered
214,2022-10-25,176,23,5,2,3,0.1,26.35,UPI,Cancelled
215,2023-12-29,30,49,12,5,9,0.05,121.32,Net Banking,Cancelled
216,2023-11-15,182,27,18,5,5,0.2,18.04,Credit Card,Returned
217,2023-06-20,28,2,13,4,3,0,304.41,Debit Card,Delivered
218,2022-10-01,193,11,10,1,5,0,237.85,UPI,Delivered
219,2022-07-28,193,35,2,1,6,0.2,217.44,Credit Card,Returned
220,2023-09-23,173,48,18,4,4,0.15,47.23,Cash,Cancelled
221,2022-09-01,131,45,10,3,1,0.05,16.57,Cash,Returned
222,2023-12-03,81,36,2,5,1,0.15,27.84,Debit Card,Delivered
223,2023-09-28,200,29,8,4,6,0.2,27.02,Net Banking,Cancelled
224,2023-09-10,51,50,7,5,5,0.05,56.43,Credit Card,Delivered
225,2022-07-11,45,48,17,4,2,0.05,26.39,Cash,Delivered
226,2022-10-13,143,17,5,5,3,0.1,151.39,Credit Card,Delivered
227,2022-12-05,120,46,5,3,1,0,40.65,Net Banking,Delivered
228,2022-02-22,199,41,20,1,5,0.05,51.63,Net Banking,Cancelled
229,2023-01-02,19,46,11,2,9,0,365.85,Net Banking,Delivered
230,2022-03-11,130,11,14,4,9,0.1,385.32,Credit Card,Returned
231,2022-12-24,57,14,11,1,6,0,353.82,Debit Card,Delivered
232,2023-09-26,136,31,18,3,1,0,40.46,Cash,Delivered
233,2022-09-04,165,40,20,2,4,0,50.96,Cash,Delivered
234,2022-04-27,99,17,18,3,5,0,280.35,UPI,Cancelled
235,2023-06-11,131,29,16,3,1,0,5.63,UPI,Delivered
236,2023-06-11,22,7,6,5,9,0.1,532.17,Credit Card,Delivered
237,2022-08-04,172,41,7,2,7,0.2,60.87,Debit Card,Delivered
238,2023-07-05,180,48,14,4,2,0.15,23.61,Credit Card,Delivered
239,2023-04-16,184,22,2,1,2,0,25.56,Debit Card,Delivered
240,2022-09-15,143,5,19,5,4,0,322.56,Cash,Returned
241,2023-04-07,162,26,14,2,6,0,38.64,Credit Card,Returned
242,2023-07-02,2,42,20,5,2,0.2,30.53,Credit Card,Cancelled
243,2023-12-19,19,23,17,2,2,0,19.52,Net Banking,Delivered
244,2022-03-30,73,49,15,2,7,0.05,94.36,Cash,Delivered
245,2022-06-10,137,15,5,2,7,0.2,175.06,UPI,Cancelled
246,2023-10-12,37,20,12,1,1,0.1,53.25,Debit Card,Cancelled
247,2022-05-07,11,1,19,1,10,0.05,737.48,Net Banking,Cancelled
248,2022-03-29,79,14,12,1,4,0.05,224.09,Debit Card,Cancelled
249,2022-06-14,48,15,20,4,5,0,156.3,Debit Card,Delivered
250,2023-11-19,146,4,18,4,8,0.15,281.66,Credit Card,Cancelled
251,2022-10-25,172,5,9,2,2,0,161.28,Cash,Cancelled
252,2022-12-05,92,9,8,3,2,0,54.98,Credit Card,Cancelled
253,2022-07-18,82,32,15,3,6,0.1,146.5,Net Banking,Delivered
254,2022-06-06,145,37,12,2,6,0.05,125.06,Credit Card,Delivered
255,2022-11-17,64,15,14,2,5,0.2,125.04,Debit Card,Delivered
256,2023-11-27,188,22,16,5,8,0.05,97.13,UPI,Delivered
257,2023-05-14,142,7,6,4,10,0,657.0,Debit Card,Delivered
258,2023-07-06,51,17,3,5,2,0,112.14,Credit Card,Cancelled
259,2023-08-19,149,26,19,4,4,0,25.76,UPI,Cancelled
260,2023-07-11,139,31,5,3,6,0.05,230.62,Net Banking,Delivered
261,2022-10-25,35,30,17,1,9,0,57.96,UPI,Returned
262,2023-05-30,3,43,8,1,10,0.15,110.5,Net Banking,Delivered
263,2022-05-24,115,11,6,1,10,0.1,428.13,Cash,Delivered
264,2023-01-03,11,15,16,1,4,0,125.04,UPI,Delivered
265,2022-08-28,11,43,7,1,9,0.2,93.6,Cash,Delivered
266,2023-04-26,117,3,2,4,6,0,654.0,UPI,Cancelled
267,2022-09-27,149,35,19,4,3,0.05,129.1,UPI,Returned
268,2023-08-25,168,5,17,4,5,0.05,383.04,Net Banking,Delivered
269,2023-02-20,91,23,16,1,8,0.1,70.27,Net Banking,Delivered
270,2022-05-23,113,11,8,3,2,0.1,85.63,Debit Card,Delivered
271,2022-06-03,48,11,12,4,10,0.15,404.34,Debit Card,Delivered
272,2023-03-01,85,47,4,4,8,0.15,140.83,Cash,Returned
273,2022-08-04,152,11,14,3,1,0,47.57,Debit Card,Delivered
274,2023-08-11,152,11,5,3,9,0,428.13,Debit Card,Cancelled
275,2022-02-27,43,17,6,3,9,0.05,479.4,Net Banking,Cancelled
276,2023-10-15,5,47,10,5,2,0,41.42,Net Banking,Returned
277,2023-04-28,124,11,8,2,7,0.1,299.69,Net Banking,Delivered
278,2022-07-06,160,43,17,5,5,0,65.0,Cash,Delivered
279,2023-09-03,152,5,8,3,7,0.05,536.26,Credit Card,Delivered
280,2022-01-17,52,34,17,4,7,0.2,300.61,Net Banking,Delivered
281,2022-04-09,46,31,20,2,10,0,404.6,Net Banking,Cancelled
282,2022-05-01,24,31,5,3,10,0.1,364.14,Cash,Delivered
283,2023-06-19,108,24,2,3,9,0.05,63.61,Cash,Delivered
284,2023-01-26,90,38,19,5,2,0.05,54.4,UPI,Delivered
285,2023-05-04,197,15,3,3,5,0.1,140.67,Cash,Cancelled
286,2022-09-21,49,1,1,1,10,0.1,698.67,Net Banking,Delivered
287,2022-01-08,97,42,7,3,6,0.05,108.76,Credit Card,Delivered
288,2022-06-08,110,42,19,3,5,0,95.4,Cash,Cancelled
289,2023-08-02,94,40,9,1,7,0.2,71.34,Cash,Delivered
290,2023-07-20,143,31,6,5,6,0.1,218.48,Cash,Cancelled
291,2022-09-17,79,37,12,1,7,0.15,130.54,Credit Card,Delivered
292,2022-08-24,115,45,6,1,2,0,34.88,Cash,Cancelled
293,2022-12-13,141,40,2,5,3,0.05,36.31,Credit Card,Delivered
294,2022-05-29,121,39,14,4,2,0,36.64,Debit Card,Delivered
295,2023-01-15,21,39,2,3,7,0.05,121.83,Net Banking,Cancelled
296,2022-10-21,183,39,2,4,3,0.15,46.72,Cash,Returned
297,2022-01-11,52,43,17,4,5,0,65.0,Net Banking,Delivered
298,2023-06-07,133,45,8,1,10,0,174.4,UPI,Delivered
299,2022-09-02,168,1,6,4,2,0,155.26,UPI,Returned
300,2023-11-17,102,26,19,1,4,0.1,23.18,Credit Card,Delivered
301,2022-04-03,141,19,18,5,10,0,859.7,UPI,Delivered
302,2022-08-20,156,13,15,2,7,0.1,376.24,UPI,Delivered
303,2022-06-29,105,33,4,3,9,0,117.09,UPI,Cancelled
304,2022-12-15,30,33,9,5,9,0.2,93.67,UPI,Cancelled
305,2023-12-12,114,25,19,2,8,0.2,81.47,UPI,Delivered
306,2023-04-15,175,30,19,2,1,0.05,6.12,UPI,Delivered
307,2022-03-11,98,41,8,4,4,0.2,34.78,Cash,Delivered
308,2022-12-28,133,35,1,1,5,0,226.5,Credit Card,Delivered
309,2023-02-13,173,48,11,4,2,0.1,25.0,Cash,Delivered
310,2022-11-18,91,14,19,1,5,0,294.85,Cash,Delivered
311,2022-07-24,61,48,8,4,5,0,69.45,Debit Card,Delivered
312,2022-09-13,159,23,5,2,2,0,19.52,Cash,Delivered
313,2023-09-21,2,49,18,5,1,0.2,11.35,UPI,Returned
314,2023-09-28,81,32,19,5,5,0.05,128.87,Net Banking,Delivered
315,2022-10-14,102,15,19,1,3,0,93.78,Cash,Cancelled
316,2023-05-05,139,3,17,3,6,0.05,621.3,Cash,Delivered
317,2022-05-04,179,34,15,1,6,0.15,273.77,Credit Card,Delivered
318,2023-11-22,54,25,19,4,2,0,25.46,Net Banking,Delivered
319,2022-09-23,48,36,9,4,4,0,131.0,Net Banking,Returned
320,2022-12-18,94,12,16,1,7,0,247.52,UPI,Returned
321,2023-01-09,103,18,15,5,3,0.1,68.42,Net Banking,Delivered
322,2023-12-04,59,7,9,1,4,0.1,236.52,Cash,Returned
323,2022-07-20,38,48,5,3,8,0.2,88.9,Debit Card,Delivered
324,2023-03-08,128,9,17,1,9,0.15,210.3,Cash,Delivered
325,2022-11-04,65,36,19,4,1,0.05,31.11,Debit Card,Delivered
326,2022-03-03,56,17,16,5,2,0.05,106.53,UPI,Delivered
327,2023-01-05,93,36,18,5,5,0,163.75,Cash,Delivered
328,2022-05-05,90,44,20,5,4,0.1,56.56,Net Banking,Cancelled
329,2022-06-28,200,19,12,4,6,0.15,438.45,Cash,Cancelled
330,2023-04-03,21,25,20,3,5,0.05,60.47,Debit Card,Delivered
331,2023-10-18,87,27,20,1,10,0.05,42.84,Credit Card,Delivered
332,2022-06-15,88,15,11,1,6,0.15,159.43,UPI,Delivered
333,2023-09-12,166,26,9,1,8,0.2,41.22,Net Banking,Delivered
334,2023-06-18,116,27,6,5,3,0.2,10.82,Debit Card,Delivered
335,2022-08-29,170,17,3,5,4,0,224.28,Credit Card,Returned
336,2022-04-08,17,31,18,1,1,0,40.46,Net Banking,Returned
337,2022-03-27,27,17,20,1,3,0,168.21,UPI,Returned
338,2022-08-23,64,48,10,2,8,0.15,94.45,Debit Card,Delivered
339,2023-06-24,44,2,2,4,6,0.2,487.06,Cash,Delivered
340,2023-04-24,139,18,18,3,8,0,202.72,Debit Card,Cancelled
341,2023-08-29,153,30,19,4,7,0.1,40.57,UPI,Cancelled
342,2022-12-22,124,35,8,2,2,0.05,86.07,UPI,Delivered
343,2023-02-27,67,10,10,1,1,0,46.55,Debit Card,Cancelled
344,2022-12-19,74,31,18,1,1,0.15,34.39,Cash,Returned
345,2022-11-03,3,50,14,1,5,0.1,53.46,Credit Card,Delivered
346,2023-07-16,96,13,14,1,9,0.05,510.61,Debit Card,Returned
347,2022-06-17,184,48,13,1,7,0,97.23,Credit Card,Delivered
348,2023-03-09,161,16,17,1,10,0.2,767.04,UPI,Delivered
349,2023-10-27,191,35,9,4,7,0,317.1,Debit Card,Delivered
350,2022-05-20,75,8,15,3,10,0.05,634.41,Net Banking,Delivered
351,2023-05-19,49,21,1,1,3,0,47.43,Credit Card,Cancelled
352,2022-07-10,27,19,9,1,3,0.15,219.22,Credit Card,Returned
353,2022-08-27,24,10,1,3,8,0,372.4,Cash,Delivered
354,2022-11-16,128,24,15,1,1,0,7.44,Debit Card,Delivered
355,2022-02-27,69,50,13,1,2,0.1,21.38,Debit Card,Returned
356,2022-07-16,65,25,1,4,2,0.2,20.37,Cash,Delivered
357,2023-03-30,64,48,2,2,4,0.05,52.78,Net Banking,Delivered
358,2023-11-13,54,31,13,4,5,0,202.3,Credit Card,Delivered
359,2023-07-17,134,8,9,2,8,0.15,454.1,Debit Card,Delivered
360,2023-01-05,14,43,7,5,2,0,26.0,UPI,Returned
361,2022-01-16,43,18,19,3,2,0.05,48.15,Credit Card,Delivered
362,2022-02-13,149,45,16,4,10,0,174.4,Credit Card,Delivered
363,2022-09-12,41,32,3,5,10,0,271.3,Credit Card,Delivered
364,2022-12-31,166,10,18,1,2,0,93.1,Debit Card,Returned
365,2022-11-21,143,42,12,5,8,0.15,129.74,Credit Card,Delivered
366,2023-12-07,97,23,5,3,5,0,48.8,Cash,Returned
367,2023-07-27,76,35,16,5,4,0.1,163.08,Net Banking,Delivered
368,2022-12-23,83,47,15,5,5,0.2,82.84,Net Banking,Cancelled
369,2022-06-14,18,34,5,5,8,0,429.44,Net Banking,Delivered
370,2023-01-11,117,1,17,4,7,0.15,461.9,Credit Card,Delivered
371,2023-09-27,94,50,20,1,4,0,47.52,Net Banking,Delivered
372,2023-02-01,49,34,16,1,9,0,483.12,UPI,Cancelled
373,2022-11-27,105,42,11,3,2,0,38.16,Credit Card,Cancelled
374,2022-02-14,34,12,2,4,4,0,141.44,Debit Card,Returned
375,2022-04-12,9,37,13,2,8,0.1,157.97,Net Banking,Cancelled
376,2022-09-20,13,24,8,2,10,0.15,63.24,Credit Card,Delivered
377,2022-08-02,168,32,3,4,8,0.2,173.63,UPI,Delivered
378,2023-07-26,191,27,12,4,1,0.2,3.61,UPI,Cancelled
379,2023-06-26,11,47,3,1,5,0,103.55,Net Banking,Delivered
380,2022-04-10,26,47,8,2,9,0.05,177.07,Debit Card,Delivered
381,2023-06-23,169,16,19,4,3,0.1,258.88,Cash,Cancelled
382,2022-04-19,197,41,19,3,6,0.15,55.44,Cash,Returned
383,2022-04-17,43,12,18,3,7,0.1,222.77,Debit Card,Delivered
384,2023-07-01,154,29,12,2,6,0.1,30.4,UPI,Delivered
385,2023-02-27,196,41,14,3,6,0.1,58.7,Net Banking,Delivered
386,2023-07-13,55,25,18,3,5,0,63.65,Cash,Returned
387,2023-02-11,1,47,2,5,5,0.1,93.2,Net Banking,Delivered
388,2022-05-19,78,1,10,5,4,0,310.52,Credit Card,Delivered
389,2023-12-08,71,36,17,3,9,0.1,265.28,Debit Card,Cancelled
390,2022-04-07,10,30,12,4,3,0,19.32,UPI,Delivered
391,2023-08-20,64,15,9,2,5,0,156.3,Cash,Cancelled
392,2023-08-06,56,47,3,5,6,0.2,99.41,Debit Card,Returned
393,2023-05-15,177,45,19,4,2,0.1,31.39,Credit Card,Delivered
394,2023-08-14,98,6,2,4,6,0,727.2,Cash,Returned
395,2022-05-04,198,15,20,3,1,0.15,26.57,Credit Card,Returned
396,2022-11-09,135,3,11,3,9,0.1,882.9,UPI,Delivered
397,2023-05-30,179,15,5,1,1,0.15,26.57,Cash,Returned
398,2023-09-02,148,33,3,2,4,0.05,49.44,Cash,Delivered
399,2022-06-01,34,22,3,4,8,0.1,92.02,Net Banking,Delivered
400,2023-02-13,68,6,13,2,9,0.05,1036.26,Debit Card,Delivered
401,2023-05-08,144,13,16,1,7,0.15,355.33,Debit Card,Cancelled
402,2023-07-29,158,48,17,3,4,0,55.56,UPI,Delivered
403,2023-03-17,83,44,19,5,2,0,31.42,Cash,Returned
404,2023-01-10,90,13,11,5,6,0.1,322.49,UPI,Delivered
405,2022-06-23,90,40,15,5,10,0,127.4,Credit Card,Returned
406,2022-08-28,52,44,12,4,3,0.2,37.7,Credit Card,Delivered
407,2022-02-25,63,40,5,4,5,0,63.7,Credit Card,Delivered
408,2022-11-09,116,31,1,5,6,0,242.76,Debit Card,Cancelled
409,2022-07-28,140,34,9,1,9,0.05,458.96,Debit Card,Cancelled
410,2023-12-13,179,43,1,1,7,0.1,81.9,Credit Card,Cancelled
411,2022-09-19,44,4,10,4,4,0.2,132.54,UPI,Cancelled
412,2022-02-24,120,42,1,3,2,0.05,36.25,UPI,Delivered
413,2022-04-21,5,19,13,5,4,0.05,326.69,Credit Card,Cancelled
414,2022-11-20,125,39,18,1,2,0,36.64,Net Banking,Delivered
415,2023-04-14,144,46,1,1,1,0,40.65,UPI,Cancelled
416,2022-12-08,126,26,6,5,1,0,6.44,UPI,Delivered
417,2023-10-03,78,16,17,5,5,0.2,383.52,UPI,Delivered
418,2023-02-01,8,36,9,4,4,0,131.0,Cash,Delivered
419,2023-11-04,36,6,13,4,9,0.15,927.18,Debit Card,Cancelled
420,2023-03-04,62,37,5,1,7,0,153.58,UPI,Cancelled
421,2023-04-05,139,9,7,3,3,0.1,74.22,Debit Card,Cancelled
422,2022-05-22,80,45,17,5,3,0.05,49.7,Net Banking,Delivered
423,2022-06-11,82,5,18,3,9,0.15,616.9,Debit Card,Delivered
424,2022-11-22,38,47,1,3,6,0.05,118.05,UPI,Returned
425,2023-03-30,191,41,9,4,3,0.2,26.09,Credit Card,Delivered
426,2022-05-15,48,2,20,4,10,0,1014.7,Net Banking,Cancelled
427,2023-09-20,60,39,8,5,4,0.15,62.29,UPI,Delivered
428,2022-03-23,177,50,16,4,3,0.1,32.08,Cash,Cancelled
429,2023-12-31,167,24,6,2,7,0.05,49.48,Debit Card,Returned
430,2022-06-17,50,15,2,5,7,0.2,175.06,UPI,Delivered
431,2023-02-27,57,48,7,1,4,0,55.56,Cash,Delivered
432,2023-09-24,126,45,11,5,8,0,139.52,Cash,Returned
433,2022-02-12,156,48,13,2,6,0.05,79.17,Net Banking,Cancelled
434,2023-09-01,138,34,2,5,9,0,483.12,Cash,Returned
435,2022-02-13,63,34,18,4,7,0.15,319.4,Net Banking,Delivered
436,2023-02-01,133,49,2,1,4,0,56.76,Cash,Returned
437,2022-11-08,199,19,15,1,3,0.05,245.01,Net Banking,Delivered
438,2022-02-25,177,34,5,4,8,0.2,343.55,Credit Card,Returned
439,2023-05-28,29,12,19,5,9,0,318.24,Cash,Returned
440,2022-11-28,116,2,6,5,8,0.1,730.58,Cash,Delivered
441,2022-04-03,65,21,6,4,2,0,31.62,Cash,Delivered
442,2023-10-12,93,6,17,5,7,0.15,721.14,Net Banking,Cancelled
443,2022-06-13,97,36,13,3,1,0.2,26.2,UPI,Delivered
444,2023-08-03,169,10,6,4,3,0,139.65,Cash,Delivered
445,2022-11-12,80,47,15,5,5,0.15,88.02,Credit Card,Delivered
446,2022-05-15,52,1,20,4,5,0,388.15,Cash,Returned
447,2023-05-26,140,1,20,1,8,0,621.04,Net Banking,Delivered
448,2023-11-07,122,30,14,1,8,0,51.52,Net Banking,Cancelled
449,2022-01-07,63,36,9,4,10,0.15,278.38,Debit Card,Cancelled
450,2022-02-20,48,10,2,4,6,0,279.3,Credit Card,Delivered
451,2023-11-15,148,39,10,2,6,0,109.92,Credit Card,Delivered
452,2023-03-03,46,11,10,2,10,0.15,404.34,Net Banking,Cancelled
453,2023-07-30,46,30,19,2,6,0,38.64,UPI,Delivered
454,2022-11-27,95,25,3,4,7,0.2,71.29,Credit Card,Cancelled
455,2022-10-27,121,9,4,4,5,0,137.45,Cash,Cancelled
456,2023-06-22,54,45,7,4,10,0,174.4,Net Banking,Delivered
457,2023-10-07,136,6,16,3,10,0.2,969.6,Cash,Delivered
458,2023-09-16,82,17,17,3,10,0.1,504.63,Debit Card,Delivered
459,2023-09-22,145,32,17,2,8,0.05,206.19,Net Banking,Delivered
460,2022-08-27,182,19,7,5,1,0,85.97,Cash,Delivered
461,2023-10-03,31,48,7,1,10,0.05,131.96,Credit Card,Returned
462,2022-12-08,90,36,7,5,1,0.15,27.84,UPI,Delivered
463,2022-09-18,18,20,10,5,9,0.1,479.28,Credit Card,Delivered
464,2022-04-27,176,22,11,2,7,0.15,76.04,Net Banking,Cancelled
465,2022-01-30,45,13,11,4,6,0.15,304.57,Cash,Returned
466,2022-02-06,166,9,16,1,3,0.15,70.1,Net Banking,Returned
467,2022-12-10,119,27,2,1,9,0,40.59,UPI,Cancelled
468,2023-07-23,138,2,7,5,10,0.15,862.5,UPI,Delivered
469,2022-03-09,39,18,1,1,6,0.05,144.44,Debit Card,Cancelled
470,2023-08-08,156,25,6,2,10,0,127.3,UPI,Delivered
471,2023-12-28,9,18,14,2,2,0.05,48.15,UPI,Delivered
472,2023-04-08,78,14,17,5,5,0,294.85,UPI,Delivered
473,2022-02-08,200,13,3,4,8,0.1,429.98,Cash,Delivered
474,2023-05-28,40,13,11,1,8,0.15,406.1,UPI,Cancelled
475,2022-12-02,37,50,4,1,9,0.15,90.88,Debit Card,Delivered
476,2022-02-07,118,25,17,2,2,0,25.46,Credit Card,Delivered
477,2023-12-05,153,6,11,4,8,0,969.6,Net Banking,Delivered
478,2023-11-06,191,20,1,4,10,0.2,473.36,Debit Card,Delivered
479,2022-11-25,52,13,10,4,5,0.1,268.74,Cash,Delivered
480,2023-11-19,31,18,5,1,3,0,76.02,Credit Card,Delivered
481,2023-09-30,144,33,4,1,4,0.1,46.84,Net Banking,Delivered
482,2022-11-23,70,10,10,3,10,0,465.5,Credit Card,Delivered
483,2022-11-15,157,22,18,3,8,0,102.24,Credit Card,Delivered
484,2023-04-28,173,4,4,4,7,0,289.94,Cash,Delivered
485,2023-02-06,46,46,20,2,10,0.15,345.52,Net Banking,Returned
486,2022-12-31,80,22,7,5,9,0,115.02,Net Banking,Returned
487,2022-05-15,24,45,15,3,2,0.05,33.14,Cash,Delivered
488,2023-04-27,60,15,5,5,10,0,312.6,Cash,Delivered
489,2022-07-07,180,43,11,4,6,0.05,74.1,Credit Card,Returned
490,2022-03-08,122,8,12,1,8,0.05,507.53,UPI,Delivered
491,2022-12-23,155,37,5,5,9,0,197.46,Credit Card,Returned
492,2022-11-30,143,42,3,5,5,0.1,85.86,Cash,Returned
493,2023-08-28,106,16,20,3,4,0.1,345.17,Cash,Delivered
494,2023-01-29,17,22,7,1,10,0.05,121.41,Net Banking,Returned
495,2022-12-17,140,45,8,1,3,0.15,44.47,Net Banking,Delivered
496,2023-05-14,30,38,20,5,8,0,229.04,Credit Card,Cancelled
497,2023-04-01,46,20,13,2,2,0.1,106.51,Net Banking,Delivered
498,2023-01-24,84,32,2,4,2,0,54.26,Net Banking,Delivered
499,2023-10-14,1,49,5,5,3,0.05,40.44,UPI,Cancelled
500,2023-02-04,158,37,15,3,4,0,87.76,UPI,Delivered
501,2023-08-07,174,20,14,3,6,0,355.02,Credit Card,Cancelled
502,2023-09-19,131,26,5,3,5,0,32.2,Net Banking,Delivered
503,2022-02-24,1,46,18,5,6,0,243.9,Credit Card,Delivered
504,2022-08-29,111,45,19,5,7,0.15,103.77,Cash,Delivered
505,2023-02-20,98,28,18,4,4,0.15,35.87,Cash,Delivered
506,2022-05-23,49,36,13,1,6,0.2,157.2,Debit Card,Returned
507,2022-10-23,172,9,5,2,1,0,27.49,Debit Card,Delivered
508,2023-05-14,169,28,5,4,2,0,21.1,Cash,Returned
509,2023-12-14,155,28,20,5,3,0.05,30.07,Cash,Cancelled
510,2023-07-20,116,25,12,5,4,0,50.92,Net Banking,Returned
511,2022-01-08,148,32,8,2,9,0,244.17,Net Banking,Returned
512,2023-08-14,94,3,2,1,10,0.05,1035.5,Credit Card,Delivered
513,2023-08-18,124,45,3,2,3,0.15,44.47,UPI,Cancelled
514,2023-04-22,133,6,17,1,10,0,1212.0,Cash,Delivered
515,2023-10-08,190,43,3,4,9,0.2,93.6,UPI,Cancelled
516,2023-09-20,14,22,18,5,1,0.05,12.14,Net Banking,Returned
517,2023-04-26,147,47,11,2,7,0,144.97,UPI,Delivered
518,2022-06-21,10,45,20,4,5,0.15,74.12,UPI,Cancelled
519,2022-03-04,162,31,19,2,3,0.1,109.24,UPI,Delivered
520,2023-10-02,7,19,16,4,2,0,171.94,Credit Card,Cancelled
521,2022-10-12,65,9,20,4,5,0,137.45,Credit Card,Delivered
522,2022-04-25,155,12,19,5,3,0.15,90.17,UPI,Returned
523,2022-06-29,67,45,8,1,8,0,139.52,Credit Card,Cancelled
524,2022-12-18,22,10,20,5,3,0.2,111.72,Cash,Returned
525,2023-01-28,61,43,15,4,3,0,39.0,UPI,Cancelled
526,2022-02-25,165,17,4,2,1,0,56.07,Cash,Returned
527,2023-05-03,78,31,18,5,4,0.05,153.75,Cash,Returned
528,2022-09-26,38,34,14,3,1,0,53.68,Cash,Returned
529,2023-11-26,81,34,2,5,2,0.1,96.62,Cash,Delivered
530,2023-09-18,167,18,11,2,5,0,126.7,UPI,Delivered
531,2023-11-02,150,26,15,5,4,0.15,21.9,Debit Card,Cancelled
532,2023-06-17,87,44,6,1,6,0.1,84.83,Credit Card,Delivered
533,2022-03-11,4,27,4,3,9,0,40.59,UPI,Returned
534,2022-08-13,186,19,9,3,4,0,343.88,Net Banking,Delivered
535,2022-04-05,15,39,7,5,10,0.15,155.72,Credit Card,Delivered
536,2022-03-30,155,9,13,5,10,0.2,219.92,Credit Card,Delivered
537,2023-12-14,48,17,10,4,8,0.15,381.28,Cash,Delivered
538,2022-10-11,197,28,11,3,5,0,52.75,UPI,Delivered
539,2022-03-05,98,25,11,4,1,0,12.73,Debit Card,Delivered
540,2023-03-28,18,32,7,5,10,0.05,257.74,Cash,Delivered
541,2022-04-22,37,35,14,1,4,0.1,163.08,Cash,Delivered
542,2022-09-23,27,3,3,1,2,0.1,196.2,Cash,Delivered
543,2022-01-20,128,10,1,1,1,0.15,39.57,UPI,Returned
544,2022-06-05,180,22,13,4,10,0,127.8,Cash,Cancelled
545,2023-05-05,112,26,3,1,9,0,57.96,Cash,Delivered
546,2023-12-07,200,31,4,4,10,0.1,364.14,UPI,Delivered
547,2023-11-30,78,26,2,5,2,0,12.88,UPI,Cancelled
548,2022-03-24,118,49,10,2,4,0,56.76,Credit Card,Cancelled
549,2023-01-29,170,13,10,5,7,0,418.04,Cash,Delivered
550,2022-03-28,162,29,7,2,3,0,16.89,Credit Card,Delivered
551,2023-08-31,62,32,13,1,2,0.2,43.41,UPI,Cancelled
552,2023-05-27,137,29,1,2,1,0,5.63,UPI,Delivered
553,2022-02-13,104,8,7,3,9,0.05,570.97,Debit Card,Cancelled
554,2023-08-17,60,5,2,5,3,0.05,229.82,Cash,Delivered
555,2023-09-26,12,16,5,5,1,0,95.88,UPI,Delivered
556,2022-04-10,117,40,6,4,10,0,127.4,Credit Card,Delivered
557,2023-05-25,153,40,8,4,2,0.2,20.38,Cash,Delivered
558,2022-12-12,189,44,13,4,6,0,94.26,Net Banking,Cancelled
559,2022-05-21,83,14,2,5,10,0,589.7,Credit Card,Delivered
560,2022-05-04,71,10,14,3,3,0.15,118.7,Net Banking,Delivered
561,2022-06-18,113,16,19,3,1,0,95.88,Net Banking,Delivered
562,2023-01-21,200,11,1,4,8,0,380.56,Credit Card,Delivered
563,2022-07-03,23,46,19,4,5,0.05,193.09,Debit Card,Returned
564,2022-07-31,37,41,9,1,9,0.05,92.94,Debit Card,Returned
565,2022-06-28,157,45,2,3,10,0,174.4,Net Banking,Returned
566,2022-04-01,161,20,12,1,7,0,414.19,Debit Card,Cancelled
567,2022-07-16,31,34,4,1,10,0,536.8,Net Banking,Cancelled
568,2022-08-13,119,50,7,1,5,0,59.4,Credit Card,Delivered
569,2022-06-02,176,31,16,2,3,0,121.38,Credit Card,Delivered
570,2023-10-23,94,19,7,1,7,0,601.79,Net Banking,Delivered
571,2023-04-10,12,7,2,5,9,0,591.3,Credit Card,Delivered
572,2023-05-12,132,8,3,3,4,0.15,227.05,Net Banking,Returned
573,2023-08-17,84,27,7,4,6,0,27.06,UPI,Delivered
574,2022-08-22,26,16,14,2,4,0.05,364.34,Credit Card,Delivered
575,2023-04-28,150,32,2,5,7,0,189.91,Net Banking,Delivered
576,2023-04-11,46,25,12,2,3,0.05,36.28,UPI,Delivered
577,2022-10-04,52,22,5,4,1,0.15,10.86,Credit Card,Cancelled
578,2022-10-15,35,8,15,1,8,0.05,507.53,UPI,Delivered
579,2022-08-14,76,39,6,5,10,0,183.2,Net Banking,Cancelled
580,2022-08-24,23,27,17,4,8,0.2,28.86,Net Banking,Delivered
581,2023-04-30,119,18,1,1,7,0.15,150.77,Debit Card,Delivered
582,2022-12-02,112,38,8,1,10,0,286.3,Credit Card,Cancelled
583,2023-03-04,12,3,16,5,9,0,981.0,Net Banking,Returned
584,2023-02-08,123,45,4,5,8,0.05,132.54,Credit Card,Delivered
585,2023-07-26,193,1,14,1,4,0,310.52,UPI,Delivered
586,2022-09-02,166,6,1,1,8,0.15,824.16,Debit Card,Delivered
587,2023-12-22,118,37,19,2,1,0.05,20.84,Debit Card,Returned
588,2023-12-22,104,12,12,3,8,0.15,240.45,Credit Card,Delivered
589,2023-01-30,177,22,17,4,1,0,12.78,UPI,Returned
590,2023-12-16,157,35,19,3,4,0.2,144.96,Net Banking,Delivered
591,2022-12-10,189,4,17,4,6,0,248.52,Cash,Delivered
592,2023-01-10,120,40,2,3,6,0,76.44,Net Banking,Delivered
593,2023-12-23,18,36,7,5,3,0,98.25,Net Banking,Delivered
594,2022-04-27,167,31,19,2,4,0.2,129.47,UPI,Delivered
595,2022-12-28,69,33,14,1,5,0,65.05,UPI,Delivered
596,2022-12-20,116,32,17,5,9,0.2,195.34,Cash,Delivered
597,2023-12-28,137,44,18,2,5,0.05,74.62,UPI,Cancelled
598,2023-11-21,178,5,7,4,8,0,645.12,Cash,Delivered
599,2022-07-03,74,5,4,1,3,0,241.92,Debit Card,Delivered
600,2023-05-24,39,14,17,1,1,0,58.97,Net Banking,Returned
601,2022-05-16,122,23,14,1,8,0.15,66.37,UPI,Delivered
602,2022-07-13,17,2,8,1,9,0.15,776.25,Cash,Delivered
603,2023-08-16,88,42,11,1,8,0.1,137.38,Net Banking,Cancelled
604,2023-04-01,118,20,19,2,3,0.2,142.01,Debit Card,Delivered
605,2022-09-24,59,31,12,1,5,0.2,161.84,Debit Card,Delivered
606,2022-12-28,73,30,6,2,10,0,64.4,UPI,Cancelled
607,2022-07-06,45,46,5,4,3,0,121.95,Credit Card,Delivered
608,2022-11-21,148,9,15,2,5,0,137.45,Debit Card,Delivered
609,2023-07-30,182,3,11,5,6,0,654.0,Cash,Delivered
610,2023-07-07,42,35,10,4,2,0,90.6,Cash,Returned
611,2022-05-29,118,21,5,2,1,0.15,13.44,Net Banking,Cancelled
612,2022-12-06,166,46,10,1,8,0,325.2,Debit Card,Cancelled
613,2023-08-02,187,29,11,1,2,0.15,9.57,Credit Card,Returned
614,2022-05-23,174,36,4,3,5,0,163.75,Net Banking,Returned
615,2022-08-14,115,23,3,1,6,0,58.56,Debit Card,Cancelled
616,2023-08-21,135,15,9,3,4,0,125.04,Net Banking,Delivered
617,2023-04-02,174,43,3,3,9,0.05,111.15,Cash,Delivered
618,2022-11-22,155,39,17,5,1,0.15,15.57,Cash,Delivered
619,2022-06-01,184,28,12,1,7,0,73.85,UPI,Delivered
620,2022-12-20,90,20,15,5,9,0,532.53,Cash,Delivered
621,2023-03-02,114,19,6,2,7,0.15,511.52,Debit Card,Returned
622,2023-08-25,154,6,5,2,4,0,484.8,Net Banking,Returned
623,2022-12-10,17,38,13,1,2,0,57.26,UPI,Returned
624,2023-03-01,45,36,15,4,10,0.2,262.0,Debit Card,Delivered
625,2022-07-10,98,19,18,4,8,0,687.76,Net Banking,Delivered
626,2022-11-08,127,36,15,2,4,0,131.0,Debit Card,Delivered
627,2022-09-26,77,41,16,1,2,0.15,18.48,Cash,Delivered
628,2022-07-03,126,45,8,5,1,0,17.44,Cash,Delivered
629,2022-03-10,154,48,12,2,10,0.05,131.96,Cash,Cancelled
630,2022-09-22,161,44,16,1,2,0,31.42,Net Banking,Cancelled
631,2022-01-18,67,11,19,1,1,0,47.57,Cash,Delivered
632,2023-12-11,35,23,6,1,1,0,9.76,Cash,Delivered
633,2023-10-14,92,4,10,3,5,0.1,186.39,Net Banking,Delivered
634,2022-07-18,197,41,6,3,2,0.1,19.57,Net Banking,Delivered
635,2022-11-27,81,44,10,5,5,0.15,66.77,Credit Card,Delivered
636,2023-07-02,149,23,5,4,1,0,9.76,UPI,Cancelled
637,2023-01-17,200,32,14,4,6,0,162.78,Debit Card,Delivered
638,2022-06-08,129,15,7,5,9,0.1,253.21,Net Banking,Cancelled
639,2023-12-31,142,45,4,4,7,0.05,115.98,Credit Card,Delivered
640,2022-05-15,5,31,12,5,5,0.15,171.96,Debit Card,Delivered
641,2023-03-29,153,34,11,4,3,0.15,136.88,Credit Card,Delivered
642,2022-05-02,57,9,5,1,4,0,109.96,Debit Card,Delivered
643,2022-05-14,21,28,4,3,2,0,21.1,Cash,Returned
644,2022-02-13,51,7,2,5,9,0.1,532.17,Cash,Delivered
645,2022-05-02,65,3,3,4,5,0.15,463.25,Credit Card,Delivered
646,2022-05-07,155,14,19,5,4,0,235.88,Credit Card,Delivered
647,2022-04-03,38,48,9,3,10,0,138.9,Debit Card,Delivered
648,2023-05-28,200,47,20,4,4,0.1,74.56,Credit Card,Cancelled
649,2022-04-12,149,49,1,4,9,0,127.71,UPI,Delivered
650,2022-06-25,194,35,1,3,2,0,90.6,Cash,Cancelled
651,2023-01-11,179,38,6,1,8,0.15,194.68,Debit Card,Delivered
652,2022-12-30,98,28,7,4,9,0,94.95,Credit Card,Returned
653,2022-11-18,32,30,4,1,9,0,57.96,UPI,Returned
654,2023-12-23,74,36,2,1,2,0,65.5,Credit Card,Returned
655,2023-01-30,73,30,20,2,5,0.15,27.37,Debit Card,Returned
656,2023-07-22,105,19,14,3,4,0.2,275.1,Cash,Delivered
657,2023-11-27,95,12,1,4,8,0.15,240.45,Cash,Delivered
658,2023-03-25,134,43,3,2,2,0,26.0,Cash,Returned
659,2023-12-13,152,7,6,3,2,0,131.4,UPI,Delivered
660,2022-07-25,153,26,4,4,4,0.2,20.61,Cash,Returned
661,2022-10-13,196,46,19,3,10,0,406.5,UPI,Returned
662,2023-05-03,171,39,13,1,8,0.1,131.9,Debit Card,Delivered
663,2023-04-11,28,8,9,4,8,0.05,507.53,Debit Card,Delivered
664,2022-01-31,26,48,2,2,2,0.05,26.39,Debit Card,Delivered
665,2023-01-27,155,44,11,5,3,0,47.13,Net Banking,Cancelled
666,2022-04-09,195,5,17,5,8,0.2,516.1,Debit Card,Returned
667,2022-10-28,170,32,16,5,9,0,244.17,UPI,Cancelled
668,2023-07-08,140,2,2,1,7,0,710.29,Cash,Returned
669,2022-11-19,97,29,15,3,1,0,5.63,Net Banking,Delivered
670,2023-11-07,200,20,6,4,8,0.05,449.69,UPI,Delivered
671,2023-02-03,125,49,4,1,10,0.15,120.61,Net Banking,Returned
672,2023-12-03,139,37,16,3,8,0.1,157.97,Net Banking,Delivered
673,2022-02-27,101,17,16,3,10,0.05,532.66,UPI,Cancelled
674,2022-10-19,83,4,1,5,10,0,414.2,UPI,Delivered
675,2022-12-24,190,38,1,4,6,0.05,163.19,Cash,Delivered
676,2022-12-20,92,27,12,3,1,0.15,3.83,Debit Card,Delivered
677,2022-08-29,166,20,19,1,2,0.15,100.59,UPI,Delivered
678,2022-04-28,87,11,1,1,9,0,428.13,Cash,Delivered
679,2023-11-05,109,37,17,4,7,0,153.58,Cash,Delivered
680,2023-08-26,6,21,13,2,10,0.05,150.19,Net Banking,Delivered
681,2022-04-11,126,7,7,5,6,0.05,374.49,UPI,Cancelled
682,2022-06-20,158,20,12,3,7,0,414.19,Credit Card,Returned
683,2023-07-03,55,19,9,3,1,0,85.97,Cash,Cancelled
684,2022-08-20,160,48,3,5,10,0,138.9,UPI,Cancelled
685,2022-10-07,18,37,17,5,8,0.05,166.74,UPI,Delivered
686,2022-03-20,167,20,17,2,5,0.05,281.06,UPI,Cancelled
687,2022-07-24,107,26,9,2,10,0.1,57.96,Net Banking,Returned
688,2022-07-04,5,41,17,5,3,0.1,29.35,Debit Card,Returned
689,2023-11-08,191,30,9,4,9,0.2,46.37,Cash,Cancelled
690,2023-08-03,187,41,2,1,9,0,97.83,Cash,Delivered
691,2022-06-01,62,10,10,1,7,0.05,309.56,Credit Card,Delivered
692,2023-10-12,53,27,9,4,5,0.15,19.17,UPI,Delivered
693,2023-12-05,154,16,13,2,4,0,383.52,Debit Card,Delivered
694,2022-01-29,63,20,15,4,8,0.1,426.02,Cash,Returned
695,2023-10-25,10,13,6,4,5,0,298.6,UPI,Delivered
696,2022-10-12,169,36,6,4,1,0.15,27.84,Credit Card,Returned
697,2022-02-26,22,21,20,5,5,0.2,63.24,Cash,Delivered
698,2023-01-08,172,43,3,2,7,0.2,72.8,Debit Card,Delivered
699,2022-04-25,147,48,17,2,2,0.1,25.0,Net Banking,Cancelled
700,2022-09-15,128,6,8,1,10,0,1212.0,UPI,Delivered
701,2023-08-22,189,25,8,4,7,0,89.11,Credit Card,Delivered
702,2022-06-29,55,18,15,3,7,0,177.38,Credit Card,Cancelled
703,2023-05-18,137,24,4,2,6,0.1,40.18,Cash,Returned
704,2023-12-01,64,18,5,2,6,0.05,144.44,UPI,Delivered
705,2022-01-22,166,39,2,1,1,0.15,15.57,UPI,Delivered
706,2023-07-20,99,20,12,3,2,0.1,106.51,Cash,Delivered
707,2023-02-02,3,26,9,1,5,0,32.2,UPI,Delivered
708,2022-08-04,42,29,11,4,7,0.2,31.53,UPI,Delivered
709,2022-03-24,200,32,16,4,7,0.2,151.93,Cash,Delivered
710,2022-04-13,42,45,9,4,9,0,156.96,Cash,Delivered
711,2023-09-09,187,36,11,1,8,0.15,222.7,Credit Card,Delivered
712,2023-10-19,165,12,15,2,3,0,106.08,Debit Card,Returned
713,2023-10-06,79,21,19,1,2,0,31.62,Debit Card,Delivered
714,2023-06-13,183,50,5,4,10,0.15,100.98,UPI,Returned
715,2023-04-08,123,48,5,5,5,0,69.45,UPI,Cancelled
716,2022-10-16,51,6,14,5,6,0,727.2,Cash,Returned
717,2023-08-08,58,2,1,1,9,0.15,776.25,Debit Card,Cancelled
718,2022-04-02,119,13,9,1,3,0,179.16,Net Banking,Returned
719,2023-03-16,154,17,5,2,2,0,112.14,Net Banking,Delivered
720,2022-05-01,4,46,17,3,7,0.2,227.64,Cash,Returned
721,2022-05-02,58,46,7,1,4,0.2,130.08,UPI,Delivered
722,2023-05-22,98,9,14,4,4,0.1,98.96,UPI,Delivered
723,2023-11-25,49,27,6,1,7,0.2,25.26,Credit Card,Delivered
724,2022-10-25,68,16,20,2,8,0,767.04,Net Banking,Delivered
725,2023-12-02,166,30,3,1,1,0.05,6.12,UPI,Delivered
726,2023-12-11,102,44,7,1,7,0.15,93.47,Net Banking,Returned
727,2022-09-20,19,7,18,2,1,0,65.7,Debit Card,Delivered
728,2023-04-28,91,39,20,1,1,0,18.32,Net Banking,Delivered
729,2023-09-27,98,20,13,4,6,0,355.02,Credit Card,Cancelled
730,2023-08-18,46,17,6,2,9,0.05,479.4,Cash,Delivered
731,2022-05-16,23,21,17,4,7,0,110.67,Credit Card,Delivered
732,2022-11-17,12,9,16,5,5,0.15,116.83,Cash,Delivered
733,2022-10-17,68,40,9,2,9,0,114.66,Debit Card,Returned
734,2022-11-20,189,32,5,4,9,0.2,195.34,Credit Card,Returned
735,2022-07-13,39,4,8,1,3,0,124.26,UPI,Returned
736,2022-06-17,181,30,14,1,2,0.05,12.24,Cash,Delivered
737,2023-01-01,182,36,16,5,8,0.05,248.9,Debit Card,Delivered
738,2022-05-07,90,6,7,5,5,0,606.0,Net Banking,Delivered
739,2022-10-07,145,43,19,2,4,0.1,46.8,Net Banking,Delivered
740,2023-08-08,47,27,3,3,4,0.2,14.43,Credit Card,Returned
741,2022-12-03,7,19,4,4,7,0,601.79,Credit Card,Cancelled
742,2022-11-28,40,2,3,1,8,0.2,649.41,Cash,Returned
743,2023-10-06,69,39,1,1,6,0,109.92,Cash,Cancelled
744,2022-11-29,188,47,19,5,3,0,62.13,UPI,Delivered
745,2022-11-27,15,48,3,5,9,0.1,112.51,Credit Card,Returned
746,2023-02-13,66,12,8,4,7,0,247.52,Debit Card,Delivered
747,2022-06-16,100,50,13,4,5,0.15,50.49,Credit Card,Delivered
748,2022-11-02,126,28,10,5,10,0,105.5,Credit Card,Delivered
749,2023-01-12,132,13,16,3,8,0.05,453.87,UPI,Returned
750,2023-07-31,154,28,3,2,7,0.2,59.08,Net Banking,Delivered
751,2022-07-10,112,41,14,1,2,0,21.74,UPI,Cancelled
752,2023-04-20,174,15,5,3,8,0.1,225.07,Credit Card,Cancelled
753,2022-10-25,120,28,3,3,8,0,84.4,Debit Card,Delivered
754,2023-12-02,77,16,17,1,7,0,671.16,Credit Card,Cancelled
755,2023-07-19,20,3,17,2,2,0.1,196.2,Cash,Returned
756,2022-04-07,119,43,19,1,5,0,65.0,Net Banking,Delivered
757,2022-03-25,197,33,1,3,2,0.15,22.12,Debit Card,Returned
758,2022-07-06,101,3,3,3,7,0.15,648.55,UPI,Delivered
759,2023-08-25,186,30,15,3,10,0.2,51.52,UPI,Delivered
760,2022-07-11,55,12,3,3,10,0,353.6,Cash,Delivered
761,2023-07-02,5,1,13,5,2,0,155.26,Cash,Delivered
762,2023-04-17,178,26,20,4,8,0,51.52,Net Banking,Cancelled
763,2023-01-05,177,44,13,4,5,0,78.55,Debit Card,Delivered
764,2022-01-15,49,8,1,1,4,0.2,213.7,Debit Card,Delivered
765,2023-05-08,167,10,8,2,7,0.2,260.68,Debit Card,Cancelled
766,2022-03-30,78,50,15,5,3,0.05,33.86,Credit Card,Returned
767,2022-04-30,43,10,15,3,8,0.05,353.78,Cash,Delivered
768,2023-08-23,63,13,10,4,10,0.2,477.76,Credit Card,Returned
769,2022-12-08,3,7,14,1,7,0.2,367.92,Net Banking,Returned
770,2023-09-03,188,36,10,5,1,0.05,31.11,Cash,Returned
771,2023-06-10,152,47,20,3,8,0,165.68,Net Banking,Delivered
772,2022-01-20,109,37,11,4,9,0,197.46,Cash,Delivered
773,2023-04-30,30,32,20,5,6,0.05,154.64,Credit Card,Returned
774,2022-06-15,74,47,7,1,8,0,165.68,Debit Card,Returned
775,2023-06-04,57,38,11,1,10,0.2,229.04,Debit Card,Returned
776,2022-10-28,186,46,13,3,7,0.2,227.64,Cash,Delivered
777,2022-06-15,160,14,10,5,2,0.15,100.25,Debit Card,Returned
778,2022-06-27,52,11,20,4,8,0,380.56,Cash,Returned
779,2022-11-07,61,14,18,4,1,0,58.97,UPI,Delivered
780,2023-01-01,174,11,6,3,9,0,428.13,UPI,Delivered
781,2023-03-17,30,40,8,5,2,0.1,22.93,Cash,Delivered
782,2022-09-22,88,23,2,1,9,0,87.84,Net Banking,Delivered
783,2023-09-11,172,7,2,2,8,0.2,420.48,Credit Card,Returned
784,2022-04-19,157,40,4,3,9,0,114.66,Credit Card,Cancelled
785,2022-06-21,162,8,7,2,6,0,400.68,Cash,Delivered
786,2023-06-03,128,47,4,1,3,0.15,52.81,UPI,Delivered
787,2022-05-22,32,13,15,1,7,0.2,334.43,Debit Card,Delivered
788,2023-05-01,88,19,17,1,3,0,257.91,UPI,Delivered
789,2023-03-01,93,41,8,5,3,0.2,26.09,Cash,Cancelled
790,2022-08-22,36,28,14,4,7,0.05,70.16,UPI,Cancelled
791,2022-01-31,114,10,1,2,9,0,418.95,UPI,Delivered
792,2022-11-19,103,50,6,5,7,0,83.16,Credit Card,Returned
793,2023-11-08,165,10,19,2,1,0.15,39.57,UPI,Cancelled
794,2023-03-06,103,44,18,5,5,0.15,66.77,UPI,Delivered
795,2022-01-09,72,34,20,2,3,0.15,136.88,Cash,Returned
796,2023-10-22,53,35,20,4,10,0.15,385.05,UPI,Returned
797,2023-10-27,104,50,7,3,5,0,59.4,Net Banking,Delivered
798,2022-12-09,100,47,5,4,9,0.1,167.75,Debit Card,Delivered
799,2022-04-06,131,36,10,3,9,0,294.75,Credit Card,Delivered
800,2022-01-29,139,38,9,3,4,0.2,91.62,Cash,Delivered
801,2023-06-02,29,47,2,5,6,0,124.26,UPI,Cancelled
802,2022-05-07,13,49,4,2,8,0,113.52,Credit Card,Cancelled
803,2023-04-10,87,16,19,1,10,0.15,814.98,Net Banking,Cancelled
804,2022-08-28,90,20,10,5,10,0.15,502.95,Cash,Delivered
805,2023-06-17,189,16,4,4,6,0.1,517.75,Debit Card,Cancelled
806,2023-01-05,117,7,5,4,7,0.2,367.92,Credit Card,Returned
807,2022-04-05,16,28,5,3,8,0,84.4,Credit Card,Returned
808,2023-01-14,174,34,13,3,10,0.1,483.12,Cash,Cancelled
809,2022-09-28,150,32,14,5,8,0.15,184.48,Cash,Returned
810,2022-06-16,37,33,5,1,8,0.15,88.47,Debit Card,Returned
811,2023-12-23,132,34,4,3,4,0.05,203.98,Credit Card,Returned
812,2022-06-10,144,24,4,1,10,0.2,59.52,Credit Card,Returned
813,2022-05-04,95,37,10,4,1,0.1,19.75,Credit Card,Delivered
814,2023-01-16,79,24,10,1,5,0.05,35.34,Debit Card,Delivered
815,2022-05-26,151,27,2,1,5,0,22.55,Debit Card,Delivered
816,2023-05-16,1,8,18,5,6,0,400.68,Cash,Delivered
817,2023-05-08,147,20,19,2,8,0,473.36,Cash,Returned
818,2023-09-13,34,49,5,4,9,0.15,108.55,Cash,Returned
819,2023-11-15,115,10,11,1,2,0.2,74.48,Net Banking,Cancelled
820,2023-02-24,100,15,13,4,6,0.1,168.8,Cash,Delivered
821,2022-10-12,166,6,6,1,1,0.1,109.08,Net Banking,Delivered
822,2023-10-23,32,42,18,1,2,0,38.16,Net Banking,Cancelled
823,2023-08-14,194,4,19,3,9,0,372.78,Net Banking,Returned
824,2022-01-20,31,43,18,1,3,0,39.0,Debit Card,Delivered
825,2022-09-09,181,38,15,1,2,0.2,45.81,Net Banking,Cancelled
826,2022-11-25,103,38,2,5,8,0.2,183.23,UPI,Delivered
827,2023-03-24,47,27,1,3,9,0,40.59,UPI,Returned
828,2022-04-04,30,7,18,5,3,0,197.1,Debit Card,Delivered
829,2022-09-19,197,6,5,3,5,0.05,575.7,Credit Card,Delivered
830,2023-09-22,84,12,1,4,1,0,35.36,Credit Card,Returned
831,2022-11-24,37,27,11,1,5,0.05,21.42,Credit Card,Delivered
832,2022-07-27,62,49,20,1,10,0,141.9,Net Banking,Returned
833,2023-06-01,99,8,9,3,1,0,66.78,Net Banking,Returned
834,2023-02-21,17,31,1,1,7,0.15,240.74,Credit Card,Delivered
835,2022-10-03,142,38,4,4,4,0.2,91.62,Debit Card,Cancelled
836,2022-11-08,146,27,15,4,2,0.2,7.22,Debit Card,Cancelled
837,2022-05-26,96,35,6,1,4,0.1,163.08,Net Banking,Returned
838,2023-04-08,11,1,15,1,10,0,776.3,Credit Card,Delivered
839,2022-03-03,124,18,20,2,5,0.2,101.36,UPI,Returned
840,2023-10-10,55,38,17,3,5,0,143.15,Net Banking,Delivered
841,2023-07-31,18,20,3,5,7,0.15,352.06,Debit Card,Delivered
842,2023-07-24,72,28,7,2,10,0.1,94.95,UPI,Delivered
843,2023-10-13,67,49,15,1,5,0,70.95,UPI,Delivered
844,2022-08-04,118,39,11,2,1,0.15,15.57,Credit Card,Delivered
845,2023-09-16,122,1,1,1,3,0.05,221.25,Cash,Cancelled
846,2023-02-07,138,6,3,5,9,0,1090.8,Credit Card,Returned
847,2022-12-28,97,39,12,3,7,0,128.24,Credit Card,Delivered
848,2023-04-19,95,13,15,4,1,0,59.72,UPI,Delivered
849,2023-11-28,182,23,7,5,2,0.2,15.62,UPI,Cancelled
850,2022-08-15,60,32,12,5,1,0,27.13,Net Banking,Returned
851,2022-08-03,2,13,13,5,2,0.2,95.55,Net Banking,Delivered
852,2023-05-28,127,11,18,2,4,0.15,161.74,Net Banking,Cancelled
853,2023-08-02,45,5,19,4,3,0.15,205.63,Debit Card,Delivered
854,2022-09-23,146,15,17,4,5,0,156.3,Net Banking,Delivered
855,2023-09-22,65,44,18,4,8,0,125.68,Credit Card,Returned
856,2022-11-27,111,27,9,5,2,0.15,7.67,Cash,Cancelled
857,2023-05-23,93,34,2,5,4,0,214.72,Cash,Delivered
858,2023-06-30,115,21,1,1,7,0,110.67,Credit Card,Delivered
859,2023-08-09,7,48,8,4,7,0,97.23,Debit Card,Delivered
860,2022-06-18,85,20,3,4,2,0,118.34,Cash,Returned
861,2022-01-25,152,41,11,3,5,0,54.35,Cash,Delivered
862,2022-09-02,88,4,11,1,9,0.2,298.22,Credit Card,Delivered
863,2023-09-07,159,29,4,2,8,0.1,40.54,Credit Card,Delivered
864,2022-03-04,9,25,11,2,2,0.2,20.37,Credit Card,Delivered
865,2023-03-29,15,20,20,5,7,0,414.19,Credit Card,Delivered
866,2023-07-27,14,19,13,5,7,0,601.79,Cash,Cancelled
867,2022-08-27,154,43,20,2,1,0.05,12.35,Cash,Returned
868,2023-03-15,159,40,4,2,6,0.15,64.97,Cash,Delivered
869,2023-06-14,85,38,7,4,2,0,57.26,Net Banking,Delivered
870,2022-03-11,152,13,19,3,3,0.15,152.29,UPI,Cancelled
871,2022-12-30,108,31,20,3,8,0,323.68,Debit Card,Delivered
872,2022-02-15,16,9,10,3,10,0.05,261.15,UPI,Cancelled
873,2022-11-15,150,35,5,5,3,0.05,129.1,Net Banking,Delivered
874,2022-12-18,75,24,1,3,9,0.1,60.26,Credit Card,Delivered
875,2022-09-01,130,36,2,4,7,0,229.25,Debit Card,Delivered
876,2023-10-18,52,5,11,4,4,0.15,274.18,Cash,Returned
877,2023-09-07,178,22,19,4,10,0,127.8,UPI,Cancelled
878,2023-03-05,85,11,4,4,8,0.2,304.45,Cash,Delivered
879,2022-08-13,1,41,8,5,4,0.05,41.31,Debit Card,Cancelled
880,2022-09-02,124,48,11,2,7,0,97.23,Debit Card,Returned
881,2022-01-07,93,1,3,5,6,0,465.78,Credit Card,Cancelled
882,2022-05-26,75,29,7,3,10,0.2,45.04,Credit Card,Delivered
883,2022-01-31,51,13,10,5,3,0,179.16,Debit Card,Delivered
884,2022-12-14,142,16,6,4,4,0,383.52,UPI,Delivered
885,2022-04-14,6,44,5,2,7,0.15,93.47,UPI,Delivered
886,2022-08-04,79,30,8,1,6,0.2,30.91,Debit Card,Delivered
887,2023-06-24,160,28,3,5,2,0,21.1,Debit Card,Delivered
888,2022-07-16,137,25,12,2,6,0.1,68.74,Debit Card,Returned
889,2022-02-17,196,40,19,3,4,0.2,40.77,UPI,Cancelled
890,2022-06-02,84,16,2,4,5,0.2,383.52,Net Banking,Delivered
891,2023-08-22,126,14,3,5,8,0.2,377.41,Credit Card,Cancelled
892,2022-06-21,131,25,17,3,6,0.05,72.56,Cash,Cancelled
893,2022-07-03,83,46,12,5,9,0.15,310.97,Cash,Returned
894,2023-05-01,69,38,13,1,10,0.15,243.35,Debit Card,Delivered
895,2022-08-13,52,29,8,4,7,0,39.41,Cash,Delivered
896,2023-01-22,147,11,12,2,5,0.1,214.06,Debit Card,Delivered
897,2022-03-28,76,29,17,5,6,0,33.78,Credit Card,Cancelled
898,2023-04-22,132,40,11,3,7,0.05,84.72,Cash,Returned
899,2023-02-23,95,32,11,4,5,0.05,128.87,Debit Card,Delivered
900,2023-03-29,60,17,3,5,6,0,336.42,Net Banking,Delivered
901,2023-06-10,140,42,3,1,5,0,95.4,Credit Card,Delivered
902,2022-03-15,93,3,18,5,4,0,436.0,UPI,Delivered
903,2022-09-14,78,48,9,5,4,0.15,47.23,Debit Card,Cancelled
904,2023-07-11,67,1,10,1,5,0.2,310.52,Cash,Delivered
905,2023-02-20,149,49,1,4,8,0.15,96.49,Debit Card,Cancelled
906,2023-02-12,59,15,7,1,8,0,250.08,Net Banking,Cancelled
907,2023-07-20,194,30,15,3,6,0.2,30.91,UPI,Delivered
908,2022-07-12,110,50,14,3,4,0.05,45.14,Net Banking,Returned
909,2022-01-31,96,9,19,1,3,0,82.47,Cash,Delivered
910,2023-11-06,91,22,8,1,7,0.05,84.99,Net Banking,Returned
911,2022-11-03,84,38,1,4,10,0.2,229.04,Debit Card,Delivered
912,2022-06-07,85,37,20,4,10,0.1,197.46,Cash,Returned
913,2022-07-29,101,5,18,3,7,0,564.48,Credit Card,Returned
914,2022-12-03,146,29,10,4,2,0,11.26,Net Banking,Delivered
915,2022-07-01,9,45,20,2,8,0,139.52,Debit Card,Delivered
916,2022-03-13,99,19,7,3,4,0,343.88,Credit Card,Cancelled
917,2023-04-11,15,24,17,5,1,0,7.44,Cash,Delivered
918,2023-02-05,41,8,5,5,9,0.05,570.97,Credit Card,Returned
919,2023-02-03,53,9,7,4,5,0.05,130.58,Debit Card,Returned
920,2023-09-11,148,20,19,2,4,0.1,213.01,UPI,Returned
921,2022-07-26,2,10,15,5,2,0.2,74.48,Net Banking,Returned
922,2022-09-10,135,22,19,3,8,0.05,97.13,Net Banking,Returned
923,2022-02-10,189,6,10,4,8,0,969.6,Cash,Delivered
924,2023-09-20,45,27,8,4,3,0.1,12.18,Cash,Returned
925,2023-01-29,169,12,19,4,2,0.05,67.18,Debit Card,Delivered
926,2022-06-11,71,41,18,3,5,0.15,46.2,Debit Card,Delivered
927,2023-05-21,106,49,18,3,2,0,28.38,Credit Card,Delivered
928,2023-06-01,197,50,11,3,7,0.05,79.0,UPI,Delivered
929,2022-08-01,130,3,15,4,1,0,109.0,Cash,Returned
930,2022-12-18,191,26,7,4,7,0,45.08,UPI,Delivered
931,2022-04-28,182,9,11,5,8,0.05,208.92,Credit Card,Returned
932,2022-03-26,141,43,8,5,8,0,104.0,UPI,Returned
933,2022-06-15,44,2,20,4,2,0,202.94,Credit Card,Delivered
934,2023-07-02,190,26,6,4,2,0.15,10.95,UPI,Delivered
935,2022-06-07,113,23,6,3,4,0.15,33.18,Net Banking,Delivered
936,2022-08-10,114,45,2,2,9,0.15,133.42,Cash,Delivered
937,2023-12-08,79,29,2,1,10,0,56.3,Cash,Delivered
938,2022-07-26,64,24,8,2,4,0,29.76,Cash,Delivered
939,2022-01-29,4,22,7,3,2,0,25.56,Debit Card,Delivered
940,2022-06-21,12,27,17,5,2,0.2,7.22,UPI,Delivered
941,2023-07-30,161,13,20,1,4,0.1,214.99,Cash,Returned
942,2022-05-04,60,14,4,5,6,0,353.82,Credit Card,Delivered
943,2023-02-16,168,21,1,4,7,0,110.67,Debit Card,Returned
944,2022-03-09,169,18,20,4,6,0,152.04,Debit Card,Delivered
945,2023-02-25,78,50,20,5,8,0,95.04,Net Banking,Cancelled
946,2022-06-25,65,7,20,4,6,0.15,335.07,Debit Card,Returned
947,2022-12-07,45,41,11,4,8,0,86.96,Credit Card,Delivered
948,2023-09-16,150,29,13,5,9,0.15,43.07,Net Banking,Delivered
949,2023-08-25,181,1,8,1,1,0.1,69.87,UPI,Delivered
950,2022-08-31,189,28,8,4,10,0,105.5,Debit Card,Delivered
951,2023-01-19,128,19,7,1,3,0.05,245.01,Credit Card,Delivered
952,2022-09-01,186,39,15,3,6,0,109.92,UPI,Delivered
953,2023-10-22,195,3,17,5,7,0.15,648.55,Credit Card,Delivered
954,2022-08-23,188,22,11,5,4,0,51.12,Credit Card,Cancelled
955,2023-11-12,64,44,8,2,10,0.2,125.68,Net Banking,Returned
956,2022-11-26,47,29,1,3,2,0.2,9.01,Credit Card,Returned
957,2022-07-17,14,41,5,5,4,0,43.48,Debit Card,Delivered
958,2023-08-30,141,14,8,5,9,0,530.73,Cash,Returned
959,2022-11-15,43,47,7,3,4,0.05,78.7,Net Banking,Delivered
960,2022-09-12,78,19,19,5,8,0.15,584.6,UPI,Delivered
961,2023-05-08,21,24,13,3,7,0,52.08,Cash,Returned
962,2023-03-09,130,40,14,4,3,0.2,30.58,Credit Card,Returned
963,2023-01-26,110,6,10,3,10,0.1,1090.8,Net Banking,Delivered
964,2022-06-29,66,25,15,4,5,0.05,60.47,Cash,Delivered
965,2023-07-30,156,31,3,2,6,0,242.76,Debit Card,Returned
966,2022-06-08,49,1,1,1,9,0.15,593.87,Cash,Delivered
967,2023-02-19,107,26,12,2,7,0.05,42.83,Net Banking,Delivered
968,2022-03-14,105,3,4,3,7,0.1,686.7,Debit Card,Delivered
969,2023-03-23,66,50,12,4,9,0.15,90.88,UPI,Returned
970,2023-12-15,15,42,13,5,7,0.15,113.53,Debit Card,Delivered
971,2023-05-05,9,24,1,2,3,0,22.32,Cash,Cancelled
972,2023-11-29,38,17,8,3,10,0.1,504.63,Credit Card,Delivered
973,2022-04-30,198,6,13,3,7,0.15,721.14,Credit Card,Cancelled
974,2023-06-15,49,28,6,1,7,0,73.85,Net Banking,Delivered
975,2023-06-30,169,25,19,4,5,0.15,54.1,Credit Card,Returned
976,2022-04-22,163,37,12,2,3,0,65.82,Cash,Delivered
977,2023-12-17,79,1,6,1,8,0,621.04,Credit Card,Delivered
978,2023-12-15,107,34,14,2,5,0.15,228.14,Debit Card,Returned
979,2022-06-30,96,12,5,1,4,0.05,134.37,Net Banking,Delivered
980,2022-04-23,116,37,7,5,3,0,65.82,Debit Card,Delivered
981,2022-07-16,67,27,15,1,10,0,45.1,Credit Card,Delivered
982,2022-10-28,22,25,4,5,5,0,63.65,Credit Card,Delivered
983,2023-08-23,61,31,16,4,2,0,80.92,UPI,Delivered
984,2022-01-08,171,38,2,1,2,0,57.26,Credit Card,Cancelled
985,2023-01-20,155,34,9,5,8,0.05,407.97,Net Banking,Delivered
986,2023-03-16,87,24,11,1,6,0.2,35.71,UPI,Delivered
987,2023-11-13,103,25,20,5,1,0,12.73,Credit Card,Delivered
988,2022-01-04,117,45,13,4,3,0,52.32,Credit Card,Cancelled
989,2023-06-28,72,45,8,2,6,0.05,99.41,Cash,Cancelled
990,2023-06-12,106,43,7,3,1,0.15,11.05,Credit Card,Delivered
991,2023-10-11,93,3,11,5,8,0,872.0,Cash,Cancelled
992,2023-02-14,190,40,3,4,6,0.05,72.62,Credit Card,Returned
993,2023-01-30,76,39,7,5,3,0.2,43.97,Net Banking,Cancelled
994,2023-06-01,9,9,16,2,2,0,54.98,Cash,Cancelled
995,2022-06-22,115,8,16,1,9,0,601.02,Debit Card,Delivered
996,2022-06-24,193,43,3,1,2,0.05,24.7,Debit Card,Delivered
997,2022-12-01,99,50,9,3,4,0.15,40.39,Cash,Delivered
998,2023-11-18,32,43,5,1,9,0.15,99.45,Credit Card,Returned
999,2023-12-10,86,15,19,2,10,0,312.6,Cash,Delivered
1000,2023-01-26,168,42,18,4,7,0.2,106.85,Debit Card,Delivered
1001,2022-09-23,30,19,3,5,2,0,171.94,Net Banking,Delivered
1002,2022-07-12,191,8,19,4,6,0,400.68,Cash,Delivered
1003,2023-08-14,189,1,10,4,1,0.1,69.87,Debit Card,Cancelled
1004,2023-02-02,109,21,12,4,3,0.1,42.69,Net Banking,Cancelled
1005,2022-08-16,28,26,1,4,9,0.2,46.37,UPI,Returned
1006,2022-05-29,76,15,16,5,8,0,250.08,UPI,Cancelled
1007,2022-05-30,192,43,2,4,10,0,130.0,Net Banking,Delivered
1008,2023-12-07,32,18,19,1,8,0.15,172.31,Cash,Delivered
1009,2022-10-26,181,25,2,1,6,0,76.38,Debit Card,Delivered
1010,2023-12-19,189,4,6,4,8,0.15,281.66,UPI,Returned
1011,2023-11-07,41,2,18,5,7,0,710.29,Cash,Returned
1012,2022-12-23,194,26,13,3,2,0.1,11.59,UPI,Delivered
1013,2023-12-15,50,45,18,5,7,0,122.08,UPI,Delivered
1014,2023-08-18,14,46,10,5,8,0.15,276.42,Net Banking,Delivered
1015,2022-05-21,114,45,16,2,5,0,87.2,Debit Card,Delivered
1016,2022-07-20,189,42,1,4,6,0.15,97.31,Credit Card,Cancelled
1017,2023-11-26,38,25,14,3,3,0,38.19,UPI,Delivered
1018,2023-05-01,46,4,4,2,9,0.15,316.86,Net Banking,Delivered
1019,2023-03-21,39,41,13,1,4,0,43.48,Debit Card,Delivered
1020,2023-02-11,126,20,20,5,3,0.15,150.88,Credit Card,Returned
1021,2023-04-20,167,25,9,2,8,0,101.84,Credit Card,Delivered
1022,2022-04-30,22,8,16,5,9,0,601.02,Net Banking,Delivered
1023,2023-08-10,147,31,9,2,2,0.2,64.74,Debit Card,Cancelled
1024,2023-01-29,124,42,14,2,5,0.1,85.86,Credit Card,Delivered
1025,2022-11-30,17,46,18,1,3,0.05,115.85,Cash,Delivered
1026,2023-07-24,138,34,16,5,2,0.1,96.62,Net Banking,Cancelled
1027,2023-10-30,32,49,7,1,2,0,28.38,Debit Card,Cancelled
1028,2022-01-06,143,29,11,5,2,0,11.26,Net Banking,Delivered
1029,2022-07-31,168,11,3,4,9,0,428.13,Credit Card,Delivered
1030,2022-05-08,130,20,12,4,9,0,532.53,Credit Card,Returned
1031,2022-09-12,77,3,17,1,5,0.15,463.25,Cash,Cancelled
1032,2022-05-24,148,32,11,2,9,0,244.17,Net Banking,Cancelled
1033,2023-06-07,54,45,4,4,1,0,17.44,Debit Card,Delivered
1034,2022-05-26,77,14,5,1,10,0.1,530.73,Net Banking,Delivered
1035,2023-01-03,72,9,20,2,7,0,192.43,UPI,Cancelled
1036,2022-09-24,98,42,6,4,7,0.05,126.88,UPI,Delivered
1037,2023-11-24,109,45,5,4,9,0,156.96,UPI,Delivered
1038,2023-10-11,179,42,7,1,6,0.1,103.03,Net Banking,Cancelled
1039,2022-06-17,108,10,11,3,7,0.05,309.56,Net Banking,Delivered
1040,2022-09-11,20,18,4,2,9,0,228.06,Cash,Cancelled
1041,2022-03-09,85,41,3,4,6,0,65.22,Debit Card,Delivered
1042,2022-08-20,71,1,4,3,7,0,543.41,Credit Card,Returned
1043,2022-05-07,45,34,10,4,10,0.2,429.44,Credit Card,Returned
1044,2023-06-26,90,45,19,5,5,0.1,78.48,Net Banking,Delivered
1045,2022-04-12,13,11,11,2,7,0,332.99,Net Banking,Delivered
1046,2023-07-19,153,26,16,4,10,0,64.4,Credit Card,Delivered
1047,2023-12-05,132,46,5,3,3,0,121.95,Net Banking,Returned
1048,2022-10-01,14,47,12,5,4,0.15,70.41,Cash,Cancelled
1049,2023-12-25,118,12,15,2,6,0.2,169.73,Net Banking,Returned
1050,2022-10-21,71,28,17,3,4,0,42.2,UPI,Delivered
1051,2023-02-21,198,21,3,3,2,0,31.62,Credit Card,Delivered
1052,2022-06-19,148,4,3,2,5,0.1,186.39,Credit Card,Returned
1053,2023-03-11,174,33,5,3,8,0.05,98.88,Net Banking,Cancelled
1054,2023-12-16,32,26,1,1,10,0,64.4,Cash,Delivered
1055,2023-12-21,137,48,12,2,4,0.15,47.23,Net Banking,Cancelled
1056,2022-02-13,156,29,6,2,9,0,50.67,Credit Card,Delivered
1057,2023-01-11,35,33,12,1,1,0.05,12.36,Cash,Returned
1058,2022-06-24,96,8,11,1,4,0.2,213.7,Credit Card,Cancelled
1059,2022-10-25,77,31,10,1,5,0,202.3,Net Banking,Delivered
1060,2023-02-08,56,20,17,5,1,0.05,56.21,Cash,Cancelled
1061,2022-02-28,92,1,20,3,8,0,621.04,UPI,Delivered
1062,2022-04-20,2,23,6,5,7,0,68.32,Credit Card,Delivered
1063,2023-03-18,126,13,3,5,9,0.1,483.73,Cash,Delivered
1064,2022-05-07,125,1,5,1,5,0,388.15,Cash,Returned
1065,2023-01-19,77,24,14,1,3,0.1,20.09,Credit Card,Delivered
1066,2023-03-26,169,29,6,4,3,0,16.89,Credit Card,Returned
1067,2023-01-03,182,13,4,5,4,0,238.88,Debit Card,Delivered
1068,2023-02-09,108,48,11,3,1,0,13.89,Cash,Delivered
1069,2023-11-13,69,8,14,1,8,0.1,480.82,Debit Card,Returned
1070,2022-11-29,193,49,13,1,9,0.15,108.55,Debit Card,Returned
1071,2022-04-23,28,2,5,4,3,0,304.41,Credit Card,Cancelled
1072,2023-12-02,61,4,11,4,7,0.1,260.95,Cash,Delivered
1073,2023-05-07,75,19,16,3,2,0.2,137.55,Debit Card,Returned
1074,2023-09-25,40,47,17,1,3,0,62.13,Credit Card,Delivered
1075,2022-09-27,180,16,14,4,4,0.05,364.34,Net Banking,Delivered
1076,2023-09-18,47,13,19,3,3,0,179.16,Debit Card,Delivered
1077,2023-02-15,10,18,7,4,3,0.05,72.22,Net Banking,Delivered
1078,2022-07-24,24,4,13,3,7,0.1,260.95,Debit Card,Delivered
1079,2022-08-16,87,28,16,1,1,0.1,9.5,Credit Card,Returned
1080,2022-11-08,29,18,12,5,5,0,126.7,Debit Card,Returned
1081,2022-11-24,13,12,2,2,1,0,35.36,Debit Card,Delivered
1082,2022-10-20,121,18,20,4,2,0.05,48.15,UPI,Delivered
1083,2023-05-19,94,22,10,1,2,0,25.56,Net Banking,Delivered
1084,2022-05-14,85,24,12,4,10,0.1,66.96,UPI,Cancelled
1085,2022-09-01,167,18,7,2,10,0.05,240.73,Credit Card,Delivered
1086,2022-05-14,162,48,20,2,2,0,27.78,Debit Card,Cancelled
1087,2022-07-17,181,29,4,1,2,0.1,10.13,UPI,Cancelled
1088,2022-11-05,186,31,7,3,9,0.15,309.52,Credit Card,Delivered
1089,2022-05-11,50,27,18,5,5,0.2,18.04,UPI,Cancelled
1090,2023-01-10,115,41,4,1,7,0,76.09,Cash,Returned
1091,2023-06-21,129,2,6,5,10,0,1014.7,UPI,Delivered
1092,2022-02-16,145,4,7,2,7,0.05,275.44,Net Banking,Cancelled
1093,2022-03-18,43,29,17,3,7,0.1,35.47,Cash,Returned
1094,2023-09-14,70,14,6,3,1,0,58.97,Debit Card,Cancelled
1095,2023-08-30,179,1,17,1,8,0.1,558.94,UPI,Cancelled
1096,2022-11-07,57,19,9,1,9,0,773.73,Debit Card,Delivered
1097,2022-02-16,137,16,10,2,1,0.15,81.5,UPI,Delivered
1098,2022-05-17,70,4,8,3,4,0.1,149.11,Credit Card,Delivered
1099,2023-10-27,89,41,20,4,6,0,65.22,Net Banking,Delivered
1100,2022-09-28,185,9,14,4,10,0,274.9,Credit Card,Delivered
1101,2023-10-03,3,23,8,1,5,0,48.8,Credit Card,Delivered
1102,2023-07-05,169,50,19,4,2,0.15,20.2,UPI,Returned
1103,2023-10-04,163,39,18,2,4,0.2,58.62,Debit Card,Returned
1104,2022-11-29,69,14,19,1,7,0,412.79,Debit Card,Returned
1105,2023-03-21,95,10,16,4,2,0.05,88.44,Cash,Delivered
1106,2022-07-09,46,13,19,2,8,0.15,406.1,UPI,Delivered
1107,2022-01-22,80,11,6,5,7,0.15,283.04,Debit Card,Cancelled
1108,2022-03-13,37,5,14,1,4,0.05,306.43,Credit Card,Returned
1109,2023-06-24,36,47,1,4,10,0,207.1,Cash,Returned
1110,2022-01-22,29,1,2,5,3,0,232.89,UPI,Delivered
1111,2022-05-27,161,39,1,1,1,0.2,14.66,Net Banking,Delivered
1112,2022-12-13,182,6,7,5,3,0.05,345.42,Cash,Cancelled
1113,2022-06-17,79,22,16,1,3,0,38.34,Net Banking,Delivered
1114,2023-12-10,69,41,18,1,2,0,21.74,Credit Card,Delivered
1115,2023-07-12,76,7,17,5,7,0,459.9,Debit Card,Delivered
1116,2022-01-25,59,28,13,1,3,0,31.65,Debit Card,Delivered
1117,2023-12-02,99,44,4,3,8,0,125.68,Debit Card,Delivered
1118,2022-04-15,73,23,3,2,10,0,97.6,UPI,Delivered
1119,2022-03-28,12,39,5,5,3,0.05,52.21,UPI,Cancelled
1120,2023-09-07,47,44,14,3,3,0.15,40.06,Net Banking,Delivered
1121,2022-10-21,90,7,9,5,8,0.15,446.76,UPI,Delivered
1122,2023-12-30,20,1,5,2,3,0,232.89,Cash,Delivered
1123,2023-04-03,185,31,3,4,2,0.1,72.83,UPI,Returned
1124,2022-05-29,24,21,5,3,3,0.2,37.94,UPI,Returned
1125,2022-11-23,127,28,16,2,7,0.1,66.47,Debit Card,Delivered
1126,2023-11-01,63,25,14,4,9,0.05,108.84,Net Banking,Cancelled
1127,2023-05-20,137,35,8,2,7,0,317.1,Cash,Cancelled
1128,2023-06-24,148,50,8,2,2,0,23.76,Credit Card,Delivered
1129,2022-07-28,5,24,18,5,8,0,59.52,Credit Card,Delivered
1130,2022-12-24,93,50,5,5,5,0.05,56.43,Net Banking,Delivered
1131,2023-03-08,63,14,8,4,1,0.15,50.12,Credit Card,Delivered
1132,2023-12-14,181,10,13,1,1,0.15,39.57,UPI,Returned
1133,2022-02-25,180,7,19,4,2,0.05,124.83,Debit Card,Cancelled
1134,2022-01-31,38,24,5,3,2,0,14.88,Credit Card,Delivered
1135,2023-08-06,107,10,6,2,8,0.15,316.54,Net Banking,Delivered
1136,2023-12-17,77,31,14,1,6,0.05,230.62,UPI,Delivered
1137,2022-04-24,40,4,2,1,10,0.2,331.36,Net Banking,Delivered
1138,2022-06-14,3,26,14,1,8,0.1,46.37,Net Banking,Delivered
1139,2023-05-29,79,46,8,1,7,0,284.55,Credit Card,Delivered
1140,2023-06-19,97,9,7,3,7,0.1,173.19,Debit Card,Delivered
1141,2023-02-06,48,48,18,4,10,0.2,111.12,Cash,Delivered
1142,2023-05-04,81,42,13,5,7,0,133.56,UPI,Delivered
1143,2023-10-25,109,13,9,4,2,0,119.44,UPI,Delivered
1144,2023-09-10,200,22,1,4,4,0,51.12,Net Banking,Delivered
1145,2022-04-20,17,14,20,1,1,0.2,47.18,Debit Card,Delivered
1146,2023-07-19,52,41,2,4,4,0,43.48,Net Banking,Delivered
1147,2023-08-02,12,37,16,5,1,0,21.94,Credit Card,Delivered
1148,2022-11-13,3,23,10,1,7,0.1,61.49,UPI,Delivered
1149,2023-02-05,186,23,5,3,2,0,19.52,Net Banking,Returned
1150,2022-04-14,129,50,5,5,1,0.1,10.69,Cash,Returned
1151,2023-08-24,10,19,6,4,3,0.15,219.22,Credit Card,Returned
1152,2023-10-03,24,46,8,3,4,0.2,130.08,Debit Card,Delivered
1153,2023-05-29,133,47,20,1,9,0.2,149.11,Cash,Delivered
1154,2022-05-15,87,19,12,1,10,0.2,687.76,Credit Card,Returned
1155,2023-12-31,199,44,13,1,4,0,62.84,Net Banking,Cancelled
1156,2022-03-18,40,37,16,1,2,0.2,35.1,Debit Card,Delivered
1157,2022-11-13,141,6,16,5,2,0.05,230.28,Debit Card,Delivered
1158,2022-10-30,42,5,9,4,10,0,806.4,Credit Card,Delivered
1159,2022-03-14,46,46,15,2,5,0.05,193.09,Cash,Delivered
1160,2023-10-28,36,8,19,4,8,0,534.24,UPI,Delivered
1161,2023-02-15,105,40,5,3,8,0,101.92,Net Banking,Cancelled
1162,2022-11-18,96,6,14,1,9,0.05,1036.26,Credit Card,Delivered
1163,2023-09-28,165,4,8,2,9,0,372.78,Credit Card,Delivered
1164,2022-10-25,97,11,19,3,7,0.2,266.39,Debit Card,Delivered
1165,2023-02-02,119,43,3,1,6,0.05,74.1,Net Banking,Returned
1166,2023-04-22,28,6,6,4,2,0.05,230.28,Debit Card,Returned
1167,2023-02-16,85,5,11,4,6,0.1,435.46,Debit Card,Returned
1168,2023-12-21,190,31,4,4,5,0.05,192.19,Net Banking,Delivered
1169,2022-06-09,121,10,7,4,6,0.1,251.37,Net Banking,Delivered
1170,2023-01-25,16,24,14,3,8,0,59.52,Debit Card,Delivered
1171,2022-01-24,195,44,14,5,5,0,78.55,Credit Card,Delivered
1172,2022-05-26,18,18,13,5,2,0,50.68,Cash,Returned
1173,2023-06-22,55,43,9,3,3,0.2,31.2,Credit Card,Delivered
1174,2023-03-15,88,49,10,1,3,0,42.57,Cash,Delivered
1175,2023-05-09,122,35,6,1,7,0,317.1,Cash,Cancelled
1176,2022-01-11,144,39,7,1,2,0.15,31.14,Net Banking,Cancelled
1177,2022-05-29,83,43,11,5,1,0,13.0,Debit Card,Returned
1178,2023-05-27,82,8,14,3,5,0.1,300.51,Cash,Delivered
1179,2022-05-09,163,29,19,2,2,0,11.26,Debit Card,Delivered
1180,2023-03-07,179,35,6,1,10,0.05,430.35,UPI,Delivered
1181,2022-08-03,49,44,19,1,1,0,15.71,Credit Card,Delivered
1182,2022-11-06,79,33,4,1,8,0.15,88.47,Cash,Returned
1183,2023-02-25,91,23,18,1,7,0.1,61.49,Credit Card,Delivered
1184,2022-06-30,118,28,12,2,3,0.1,28.49,Debit Card,Cancelled
1185,2023-07-10,112,25,10,1,7,0.15,75.74,Net Banking,Delivered
1186,2022-04-12,23,7,3,4,1,0.1,59.13,Credit Card,Returned
1187,2023-05-24,192,49,20,4,9,0,127.71,Net Banking,Returned
1188,2023-08-19,9,43,10,2,7,0,91.0,Cash,Delivered
1189,2023-07-19,98,8,7,4,8,0,534.24,Cash,Delivered
1190,2023-02-27,166,46,13,1,1,0,40.65,Net Banking,Delivered
1191,2022-10-18,69,43,9,1,5,0.2,52.0,Debit Card,Returned
1192,2022-01-05,107,3,1,2,1,0,109.0,Net Banking,Delivered
1193,2023-09-07,82,22,6,3,10,0.05,121.41,Net Banking,Delivered
1194,2023-02-05,50,40,13,5,1,0.2,10.19,Cash,Cancelled
1195,2022-05-12,163,25,6,2,7,0,89.11,Debit Card,Cancelled
1196,2023-03-24,60,7,5,5,9,0,591.3,Cash,Cancelled
1197,2023-10-05,67,36,6,1,6,0,196.5,Credit Card,Delivered
1198,2022-01-27,112,1,19,1,3,0,232.89,Net Banking,Cancelled
1199,2022-03-22,147,25,1,2,3,0.05,36.28,Debit Card,Delivered
1200,2022-09-03,168,15,10,4,4,0.1,112.54,Cash,Delivered
1201,2022-09-24,169,4,9,4,2,0,82.84,Net Banking,Delivered
1202,2022-04-16,29,30,20,5,2,0,12.88,UPI,Delivered
1203,2022-09-26,47,6,3,3,8,0.2,775.68,Debit Card,Delivered
1204,2023-02-05,26,32,1,2,7,0,189.91,Credit Card,Returned
1205,2022-08-04,176,27,13,2,6,0.15,23.0,Debit Card,Returned
1206,2022-07-04,77,1,6,1,10,0.15,659.85,Credit Card,Cancelled
1207,2022-05-01,88,23,16,1,10,0.1,87.84,Credit Card,Cancelled
1208,2022-06-12,134,48,9,2,2,0,27.78,Credit Card,Cancelled
1209,2023-07-03,6,34,17,2,3,0,161.04,Credit Card,Delivered
1210,2022-08-11,8,21,5,4,4,0,63.24,UPI,Delivered
1211,2022-10-08,124,13,3,2,6,0.15,304.57,UPI,Cancelled
1212,2023-04-24,191,32,14,4,9,0.05,231.96,UPI,Delivered
1213,2022-06-27,51,44,9,5,7,0,109.97,Net Banking,Cancelled
1214,2022-11-16,43,14,16,3,7,0.05,392.15,Net Banking,Returned
1215,2022-10-06,82,40,4,3,10,0.05,121.03,Debit Card,Returned
1216,2023-08-04,91,24,3,1,8,0,59.52,Net Banking,Delivered
1217,2022-09-17,151,27,10,1,10,0.2,36.08,UPI,Cancelled
1218,2023-02-12,8,8,6,4,6,0.05,380.65,UPI,Delivered
1219,2022-09-09,19,14,12,2,6,0,353.82,Credit Card,Delivered
1220,2022-01-10,82,45,1,3,6,0,104.64,Net Banking,Returned
1221,2022-11-26,60,36,3,5,7,0,229.25,Debit Card,Cancelled
1222,2023-06-24,56,7,18,5,5,0.15,279.22,Credit Card,Cancelled
1223,2023-08-11,166,27,14,1,6,0.2,21.65,Debit Card,Delivered
1224,2022-07-21,13,32,16,2,1,0,27.13,Credit Card,Returned
1225,2022-05-08,116,11,20,5,6,0.1,256.88,Debit Card,Returned
1226,2023-08-14,6,19,1,2,10,0,859.7,UPI,Returned
1227,2022-05-15,104,3,18,3,9,0,981.0,Credit Card,Delivered
1228,2022-03-13,121,7,14,4,5,0,328.5,UPI,Delivered
1229,2023-02-14,21,36,11,3,8,0.1,235.8,Cash,Delivered
1230,2022-11-02,179,30,16,1,2,0.2,10.3,Net Banking,Delivered
1231,2022-04-16,8,15,2,4,1,0,31.26,UPI,Delivered
1232,2023-12-06,186,28,8,3,3,0,31.65,UPI,Delivered
1233,2023-07-05,2,45,2,5,5,0.2,69.76,Credit Card,Delivered
1234,2022-02-19,78,5,9,5,6,0.15,411.26,Cash,Cancelled
1235,2022-10-04,179,11,5,1,10,0.05,451.91,Debit Card,Delivered
1236,2022-11-23,38,49,19,3,7,0.15,84.43,Credit Card,Returned
1237,2023-06-19,136,16,19,3,8,0.15,651.98,UPI,Returned
1238,2022-11-26,198,47,16,3,4,0,82.84,UPI,Delivered
1239,2023-12-30,22,23,18,5,4,0.15,33.18,Credit Card,Delivered
1240,2022-03-18,127,4,7,2,1,0.15,35.21,Cash,Delivered
1241,2023-01-30,49,32,4,1,6,0,162.78,Net Banking,Cancelled
1242,2023-06-11,81,49,10,5,8,0.15,96.49,Net Banking,Delivered
1243,2022-04-19,34,15,12,4,7,0.05,207.88,Net Banking,Cancelled
1244,2022-07-27,200,26,7,4,2,0,12.88,Debit Card,Returned
1245,2023-12-04,79,37,4,1,3,0.05,62.53,Credit Card,Delivered
1246,2022-09-04,5,30,6,5,5,0,32.2,Net Banking,Returned
1247,2023-04-09,91,17,4,1,9,0,504.63,Cash,Delivered
1248,2022-08-06,39,26,17,1,7,0.1,40.57,Credit Card,Delivered
1249,2023-03-28,70,24,4,3,1,0.15,6.32,Cash,Returned
1250,2022-07-18,76,13,13,5,3,0.1,161.24,Net Banking,Delivered
1251,2023-09-15,127,34,14,2,2,0.15,91.26,Debit Card,Delivered
1252,2022-04-24,57,8,2,1,1,0.1,60.1,Debit Card,Delivered
1253,2022-03-09,137,7,9,2,4,0.1,236.52,Cash,Returned
1254,2023-02-07,26,15,9,2,8,0,250.08,Debit Card,Delivered
1255,2022-12-22,164,19,20,2,5,0.15,365.37,Credit Card,Delivered
1256,2022-07-09,129,45,20,5,8,0.15,118.59,Debit Card,Delivered
1257,2022-06-24,81,44,3,5,3,0,47.13,Cash,Delivered
1258,2022-05-26,4,43,16,3,7,0,91.0,Debit Card,Delivered
1259,2022-09-28,20,11,1,2,10,0,475.7,Net Banking,Returned
1260,2022-01-02,126,16,16,5,2,0,191.76,Net Banking,Delivered
1261,2023-11-28,75,15,17,3,9,0,281.34,Credit Card,Delivered
1262,2022-04-13,78,48,11,5,8,0.05,105.56,Net Banking,Delivered
1263,2022-09-21,170,32,9,5,6,0.05,154.64,UPI,Delivered
1264,2022-11-05,182,22,17,5,10,0.05,121.41,UPI,Delivered
1265,2023-12-04,133,47,1,1,3,0.05,59.02,Debit Card,Delivered
1266,2023-01-01,128,2,8,1,10,0.15,862.5,UPI,Returned
1267,2022-07-31,191,6,7,4,7,0.15,721.14,UPI,Delivered
1268,2023-10-04,174,35,15,3,9,0,407.7,UPI,Delivered
1269,2022-12-06,101,38,14,3,5,0,143.15,Credit Card,Delivered
1270,2023-08-17,134,45,11,2,10,0,174.4,Cash,Returned
1271,2023-08-04,89,19,4,4,1,0.05,81.67,Cash,Delivered
1272,2023-11-29,39,34,10,1,10,0.1,483.12,UPI,Delivered
1273,2023-05-14,74,5,10,1,1,0.05,76.61,Debit Card,Delivered
1274,2022-10-17,152,8,2,3,8,0,534.24,Cash,Delivered
1275,2022-12-27,170,1,2,5,5,0,388.15,UPI,Delivered
1276,2023-05-30,171,50,18,1,3,0,35.64,Debit Card,Delivered
1277,2022-07-21,111,38,3,5,5,0,143.15,Cash,Delivered
1278,2022-12-30,64,44,13,2,7,0.05,104.47,UPI,Delivered
1279,2022-11-06,153,20,6,4,10,0.05,562.12,Net Banking,Delivered
1280,2022-05-23,175,50,7,2,5,0,59.4,Net Banking,Returned
1281,2022-07-24,78,20,3,5,5,0.1,266.27,Net Banking,Returned
1282,2022-07-07,97,28,4,3,3,0.1,28.49,UPI,Returned
1283,2023-05-31,176,46,12,2,8,0,325.2,Cash,Returned
1284,2023-03-07,106,30,1,3,9,0,57.96,Credit Card,Returned
1285,2022-05-24,158,20,8,3,10,0.1,532.53,Debit Card,Delivered
1286,2023-09-28,140,37,10,1,1,0.2,17.55,Debit Card,Returned
1287,2023-02-17,172,1,15,2,9,0.05,663.74,Credit Card,Delivered
1288,2022-02-26,70,42,4,3,6,0.1,103.03,UPI,Delivered
1289,2023-08-03,124,45,11,2,1,0,17.44,Net Banking,Cancelled
1290,2022-02-24,180,14,17,4,3,0.1,159.22,Debit Card,Returned
1291,2022-08-17,173,41,5,4,5,0.15,46.2,Credit Card,Delivered
1292,2023-05-12,160,45,7,5,2,0,34.88,Debit Card,Delivered
1293,2023-09-11,31,34,4,1,4,0,214.72,Cash,Delivered
1294,2022-01-26,130,29,13,4,1,0,5.63,Cash,Delivered
1295,2023-05-11,48,16,18,4,5,0.2,383.52,Cash,Cancelled
1296,2023-11-05,158,8,14,3,3,0.15,170.29,Debit Card,Delivered
1297,2022-05-26,191,43,8,4,3,0.1,35.1,Debit Card,Cancelled
1298,2023-05-03,123,19,10,5,2,0.1,154.75,UPI,Returned
1299,2023-11-15,71,26,13,3,2,0.05,12.24,Cash,Returned
1300,2022-06-01,8,19,15,4,2,0.1,154.75,Credit Card,Returned
1301,2023-08-18,78,3,20,5,8,0,872.0,Debit Card,Delivered
1302,2023-04-25,186,30,9,3,1,0,6.44,Net Banking,Delivered
1303,2023-05-31,54,23,17,4,7,0.1,61.49,Debit Card,Delivered
1304,2023-11-03,39,23,19,1,6,0.05,55.63,UPI,Delivered
1305,2023-11-06,78,26,3,5,8,0.05,48.94,Net Banking,Returned
1306,2023-11-06,47,37,17,3,9,0,197.46,UPI,Delivered
1307,2023-08-26,149,23,19,4,10,0.2,78.08,Credit Card,Returned
1308,2022-02-16,8,47,6,4,4,0,82.84,Cash,Delivered
1309,2023-11-27,122,21,8,1,4,0,63.24,Cash,Delivered
1310,2023-03-07,17,4,20,1,5,0,207.1,Credit Card,Delivered
1311,2023-03-29,196,24,20,3,1,0,7.44,Credit Card,Delivered
1312,2023-12-17,116,25,5,5,10,0.1,114.57,Debit Card,Delivered
1313,2022-09-16,126,29,10,5,4,0,22.52,Cash,Delivered
1314,2023-06-26,50,6,19,5,1,0.15,103.02,Debit Card,Delivered
1315,2022-02-04,36,1,12,4,7,0.1,489.07,Credit Card,Cancelled
1316,2022-12-15,48,44,17,4,8,0,125.68,Net Banking,Delivered
1317,2023-05-01,129,23,12,5,10,0.1,87.84,Credit Card,Delivered
1318,2023-03-26,110,41,13,3,2,0.1,19.57,Debit Card,Delivered
1319,2023-06-14,77,7,4,1,8,0,525.6,Net Banking,Delivered
1320,2023-07-08,85,2,8,4,5,0.2,405.88,Cash,Delivered
1321,2023-12-22,92,5,6,3,5,0,403.2,Net Banking,Cancelled
1322,2022-09-05,133,40,17,1,5,0.05,60.52,Credit Card,Cancelled
1323,2023-07-14,179,8,19,1,8,0,534.24,Credit Card,Delivered
1324,2022-12-13,108,17,7,3,6,0.2,269.14,Debit Card,Delivered
1325,2022-07-29,141,47,11,5,1,0,20.71,Credit Card,Returned
1326,2023-08-01,157,45,2,3,6,0,104.64,Net Banking,Returned
1327,2023-09-20,21,36,16,3,3,0,98.25,Credit Card,Delivered
1328,2022-02-06,128,33,8,1,6,0.05,74.16,UPI,Returned
1329,2022-08-22,6,4,1,2,4,0.1,149.11,Cash,Cancelled
1330,2023-11-30,176,48,1,2,9,0.05,118.76,Cash,Delivered
1331,2023-01-22,179,9,14,1,7,0.1,173.19,Credit Card,Delivered
1332,2023-03-25,31,40,12,1,6,0,76.44,Cash,Delivered
1333,2022-03-01,61,15,3,4,10,0,312.6,Cash,Delivered
1334,2023-07-04,146,3,1,4,4,0.2,348.8,Credit Card,Delivered
1335,2022-02-28,33,29,6,4,5,0,28.15,UPI,Delivered
1336,2023-09-09,168,16,10,4,3,0.1,258.88,Cash,Returned
1337,2023-11-05,32,43,3,1,2,0,26.0,Debit Card,Cancelled
1338,2023-05-22,181,48,12,1,4,0.05,52.78,UPI,Delivered
1339,2023-07-19,75,42,8,3,9,0,171.72,Net Banking,Delivered
1340,2023-05-31,27,4,12,1,7,0.15,246.45,Cash,Cancelled
1341,2022-10-14,21,14,5,3,9,0,530.73,Net Banking,Delivered
1342,2022-08-04,32,24,5,1,1,0,7.44,Cash,Returned
1343,2022-04-27,6,32,2,2,5,0,135.65,Cash,Cancelled
1344,2022-11-04,22,4,9,5,10,0.05,393.49,Credit Card,Returned
1345,2023-01-27,99,29,2,3,4,0,22.52,Debit Card,Returned
1346,2023-11-07,111,35,2,5,5,0,226.5,UPI,Cancelled
1347,2022-01-27,156,49,11,2,5,0.2,56.76,Debit Card,Cancelled
1348,2022-01-29,88,47,20,1,7,0.2,115.98,Credit Card,Returned
1349,2022-04-22,142,25,10,4,9,0.05,108.84,Net Banking,Returned
1350,2023-08-05,197,34,9,3,3,0.05,152.99,Debit Card,Returned
1351,2022-05-16,4,18,9,3,2,0,50.68,UPI,Cancelled
1352,2022-12-12,147,26,2,2,10,0,64.4,UPI,Delivered
1353,2023-11-07,65,42,20,4,1,0,19.08,Net Banking,Delivered
1354,2023-11-08,83,17,6,5,8,0.05,426.13,Cash,Delivered
1355,2022-01-10,120,3,12,3,8,0.15,741.2,Debit Card,Cancelled
1356,2023-02-23,15,38,3,5,5,0.1,128.84,UPI,Cancelled
1357,2022-03-07,113,12,9,3,5,0,176.8,Debit Card,Returned
1358,2022-08-21,162,12,5,2,10,0.15,300.56,Debit Card,Delivered
1359,2022-04-28,168,3,6,4,9,0.2,784.8,Net Banking,Returned
1360,2022-11-21,11,36,8,1,1,0.15,27.84,UPI,Delivered
1361,2022-01-17,174,23,18,3,1,0.1,8.78,UPI,Delivered
1362,2022-04-22,20,33,15,2,2,0.1,23.42,Debit Card,Delivered
1363,2022-07-28,84,37,12,4,7,0,153.58,UPI,Returned
1364,2022-05-27,7,21,20,4,6,0,94.86,UPI,Returned
1365,2023-04-27,76,40,1,5,3,0,38.22,UPI,Delivered
1366,2022-06-03,152,2,4,3,10,0,1014.7,Net Banking,Delivered
1367,2023-06-05,149,46,12,4,4,0.05,154.47,Credit Card,Cancelled
1368,2023-11-04,186,10,13,3,2,0,93.1,Net Banking,Delivered
1369,2023-05-31,148,41,18,2,7,0.1,68.48,Net Banking,Delivered
1370,2022-02-22,156,31,17,2,9,0.05,345.93,UPI,Delivered
1371,2022-07-19,148,19,8,2,6,0,515.82,Debit Card,Delivered
1372,2023-04-12,81,48,4,5,4,0.05,52.78,UPI,Returned
1373,2022-03-23,91,36,17,1,2,0,65.5,Net Banking,Returned
1374,2022-08-24,115,27,8,1,10,0.2,36.08,Net Banking,Delivered
1375,2022-09-08,199,27,19,1,3,0.1,12.18,UPI,Delivered
1376,2022-12-16,81,8,3,5,7,0.05,444.09,Debit Card,Cancelled
1377,2023-08-13,127,41,7,2,3,0.05,30.98,Debit Card,Delivered
1378,2022-05-04,108,17,18,3,8,0.15,381.28,Debit Card,Delivered
1379,2022-02-04,111,2,6,5,2,0,202.94,Net Banking,Cancelled
1380,2023-02-02,109,23,5,4,7,0.15,58.07,Debit Card,Cancelled
1381,2023-12-31,76,8,11,5,6,0.1,360.61,Net Banking,Cancelled
1382,2022-04-21,185,3,3,4,6,0.05,621.3,Cash,Returned
1383,2023-03-23,75,49,16,3,3,0.15,36.18,Net Banking,Delivered
1384,2023-06-06,22,10,1,5,10,0.1,418.95,Cash,Delivered
1385,2023-01-24,83,29,6,5,9,0.15,43.07,UPI,Cancelled
1386,2022-04-10,60,20,16,5,6,0,355.02,Net Banking,Cancelled
1387,2023-06-22,149,33,14,4,5,0,65.05,UPI,Returned
1388,2022-07-02,37,3,7,1,7,0.1,686.7,Net Banking,Delivered
1389,2023-09-23,81,7,12,5,5,0,328.5,UPI,Delivered
1390,2022-10-08,125,29,8,1,3,0,16.89,Net Banking,Delivered
1391,2022-04-19,60,43,9,5,3,0,39.0,Net Banking,Delivered
1392,2023-06-05,194,11,1,3,10,0,475.7,Net Banking,Cancelled
1393,2022-07-19,2,32,1,5,6,0,162.78,Net Banking,Delivered
1394,2023-03-13,188,29,17,5,3,0.2,13.51,UPI,Returned
1395,2022-04-23,184,46,4,1,8,0.05,308.94,UPI,Returned
1396,2022-03-30,36,18,4,4,6,0.2,121.63,Debit Card,Delivered
1397,2022-03-18,84,11,17,4,6,0,285.42,Net Banking,Returned
1398,2023-11-20,199,5,11,1,1,0.05,76.61,Net Banking,Delivered
1399,2022-11-22,49,36,2,1,1,0,32.75,Net Banking,Delivered
1400,2023-01-21,57,44,7,1,5,0.05,74.62,Cash,Delivered
1401,2022-07-11,188,32,10,5,3,0,81.39,Net Banking,Delivered
1402,2022-08-08,1,28,3,5,8,0.1,75.96,Debit Card,Cancelled
1403,2023-12-29,46,3,14,2,5,0.1,490.5,Net Banking,Returned
1404,2022-08-29,164,23,16,2,9,0.15,74.66,UPI,Delivered
1405,2022-08-26,75,43,16,3,8,0.2,83.2,Net Banking,Returned
1406,2023-01-01,140,31,10,1,2,0,80.92,UPI,Delivered
1407,2023-03-06,115,21,8,1,7,0,110.67,Cash,Delivered
1408,2022-11-23,170,8,12,5,7,0.15,397.34,Cash,Delivered
1409,2023-05-16,154,27,8,2,1,0,4.51,Net Banking,Delivered
1410,2022-08-09,105,4,18,3,6,0,248.52,Cash,Delivered
1411,2023-02-05,114,28,13,2,5,0,52.75,Cash,Delivered
1412,2022-08-13,87,41,2,1,5,0.05,51.63,Debit Card,Returned
1413,2023-08-10,43,35,7,3,2,0.1,81.54,UPI,Cancelled
1414,2022-05-13,155,35,1,5,1,0.2,36.24,Credit Card,Returned
1415,2023-12-23,86,23,18,2,2,0.15,16.59,Net Banking,Delivered
1416,2022-08-04,93,35,7,5,3,0.2,108.72,Cash,Cancelled
1417,2022-08-23,75,11,12,3,6,0.05,271.15,Net Banking,Delivered
1418,2022-09-12,4,3,1,3,9,0,981.0,Cash,Cancelled
1419,2023-05-12,11,11,10,1,5,0,237.85,Debit Card,Delivered
1420,2022-02-04,70,48,4,3,7,0.15,82.65,Debit Card,Returned
1421,2022-10-04,22,5,3,5,9,0.15,616.9,Credit Card,Returned
1422,2022-01-16,191,35,20,4,3,0,135.9,Cash,Cancelled
1423,2022-07-18,156,20,11,2,7,0.1,372.77,UPI,Delivered
1424,2022-10-08,118,13,4,2,5,0.15,253.81,Cash,Cancelled
1425,2023-01-21,75,28,3,3,4,0.05,40.09,UPI,Cancelled
1426,2023-05-10,73,45,18,2,9,0,156.96,Credit Card,Returned
1427,2023-05-24,187,26,12,1,9,0.15,49.27,Cash,Delivered
1428,2022-08-18,148,2,13,2,4,0.05,385.59,Cash,Delivered
1429,2023-07-31,28,42,10,4,6,0,114.48,Credit Card,Delivered
1430,2023-07-29,44,14,16,4,10,0,589.7,Debit Card,Delivered
1431,2023-02-17,158,31,17,3,10,0.2,323.68,Credit Card,Delivered
1432,2023-05-21,65,27,10,4,6,0.2,21.65,Credit Card,Delivered
1433,2022-11-26,177,37,20,4,7,0.2,122.86,UPI,Delivered
1434,2023-12-08,54,49,18,4,8,0.1,102.17,UPI,Returned
1435,2023-10-30,61,21,15,4,8,0.1,113.83,Credit Card,Cancelled
1436,2022-04-18,109,45,3,4,7,0,122.08,Debit Card,Delivered
1437,2023-06-17,192,8,6,4,4,0.05,253.76,Credit Card,Delivered
1438,2023-03-11,127,11,17,2,8,0,380.56,Cash,Cancelled
1439,2023-02-13,3,19,4,1,7,0,601.79,Net Banking,Delivered
1440,2022-11-27,158,24,19,3,3,0,22.32,Net Banking,Delivered
1441,2023-12-03,53,40,12,4,9,0.1,103.19,Cash,Delivered
1442,2023-04-19,54,22,5,4,3,0.1,34.51,Credit Card,Returned
1443,2022-11-22,107,12,5,2,8,0,282.88,UPI,Delivered
1444,2023-12-20,49,13,4,1,9,0.05,510.61,Credit Card,Delivered
1445,2022-03-04,160,30,20,5,3,0,19.32,Net Banking,Delivered
1446,2022-08-20,89,41,1,4,4,0,43.48,Cash,Delivered
1447,2023-08-22,187,20,12,1,10,0.2,473.36,UPI,Returned
1448,2023-07-29,139,42,7,3,2,0.1,34.34,Credit Card,Delivered
1449,2022-08-10,72,12,9,2,10,0,353.6,Net Banking,Delivered
1450,2023-08-25,166,50,13,1,6,0.1,64.15,Net Banking,Cancelled
1451,2022-10-11,189,40,16,4,4,0,50.96,Debit Card,Delivered
1452,2022-08-10,24,40,5,3,3,0,38.22,Credit Card,Returned
1453,2022-11-28,20,4,5,2,9,0.2,298.22,Cash,Returned
1454,2023-11-12,121,21,10,4,9,0.2,113.83,Debit Card,Delivered
1455,2023-07-28,101,25,13,3,8,0,101.84,Net Banking,Delivered
1456,2022-11-21,136,6,20,3,4,0,484.8,Debit Card,Delivered
1457,2023-03-24,144,29,16,1,5,0.15,23.93,Net Banking,Delivered
1458,2023-03-22,167,23,6,2,1,0.2,7.81,Cash,Delivered
1459,2023-11-18,89,47,14,4,4,0.1,74.56,Debit Card,Cancelled
1460,2023-01-27,96,12,1,1,4,0.05,134.37,Net Banking,Delivered
1461,2022-07-19,2,38,10,5,6,0,171.78,UPI,Delivered
1462,2023-05-30,4,39,9,3,1,0.15,15.57,Cash,Delivered
1463,2023-02-12,12,45,9,5,5,0.15,74.12,Net Banking,Delivered
1464,2022-02-01,184,31,20,1,8,0.05,307.5,Cash,Delivered
1465,2023-10-26,193,35,4,1,1,0,45.3,Net Banking,Delivered
1466,2022-06-06,181,48,6,1,3,0,41.67,Credit Card,Returned
1467,2022-02-27,114,41,2,2,6,0,65.22,UPI,Cancelled
1468,2022-07-18,168,40,1,4,6,0.2,61.15,Debit Card,Delivered
1469,2023-08-24,185,24,17,4,1,0.15,6.32,Cash,Returned
1470,2023-11-15,172,4,3,2,4,0.2,132.54,Debit Card,Cancelled
1471,2022-10-01,22,12,15,5,1,0,35.36,Debit Card,Cancelled
1472,2023-12-07,130,27,6,4,1,0,4.51,Net Banking,Delivered
1473,2022-12-26,31,22,15,1,10,0.2,102.24,Net Banking,Delivered
1474,2023-04-20,23,8,3,4,3,0.15,170.29,Debit Card,Delivered
1475,2022-11-22,152,41,1,3,3,0.2,26.09,Debit Card,Delivered
1476,2023-10-16,96,30,3,1,4,0,25.76,Debit Card,Delivered
1477,2022-11-14,14,25,10,5,3,0,38.19,Net Banking,Delivered
1478,2022-11-20,106,15,7,3,5,0,156.3,UPI,Delivered
1479,2022-09-23,179,29,9,1,2,0.05,10.7,Net Banking,Delivered
1480,2023-01-08,90,50,17,5,8,0.2,76.03,Credit Card,Delivered
1481,2023-08-23,99,10,18,3,10,0,465.5,UPI,Returned
1482,2023-10-24,175,19,7,2,6,0.15,438.45,Net Banking,Cancelled
1483,2022-10-03,24,33,7,3,5,0,65.05,UPI,Returned
1484,2022-02-02,30,34,6,5,8,0,429.44,Net Banking,Returned
1485,2022-11-27,96,37,13,1,10,0,219.4,Credit Card,Delivered
1486,2023-10-07,92,1,6,3,7,0.05,516.24,UPI,Delivered
1487,2023-10-26,26,12,12,2,5,0,176.8,Net Banking,Returned
1488,2022-07-10,193,2,15,1,10,0.05,963.97,Net Banking,Cancelled
1489,2023-12-13,112,47,13,1,8,0.2,132.54,UPI,Delivered
1490,2023-01-18,154,22,16,2,7,0,89.46,Debit Card,Delivered
1491,2023-06-04,28,27,14,4,5,0.1,20.29,Net Banking,Returned
1492,2022-01-30,42,33,6,4,5,0.1,58.55,Debit Card,Cancelled
1493,2023-08-05,193,9,5,1,6,0.2,131.95,Credit Card,Delivered
1494,2022-11-13,197,10,12,3,8,0.05,353.78,Cash,Delivered
1495,2022-01-01,169,10,7,4,3,0,139.65,Credit Card,Delivered
1496,2022-07-09,61,14,14,4,2,0.15,100.25,Debit Card,Delivered
1497,2023-12-03,143,50,12,5,1,0.05,11.29,UPI,Delivered
1498,2022-04-13,121,36,13,4,4,0.05,124.45,Cash,Returned
1499,2023-12-25,63,49,4,4,7,0,99.33,Debit Card,Delivered
1500,2023-02-14,198,21,10,3,7,0.1,99.6,Net Banking,Returned
